DT_GERACAO;SG_UF;NM_UE;DS_CARGO;NR_CANDIDATO;NM_URNA_CANDIDATO;TP_AGREMIACAO;NR_PARTIDO;SG_PARTIDO;NM_PARTIDO;NM_FEDERACAO;SG_FEDERACAO;DS_COMPOSICAO_FEDERACAO;SQ_COLIGACAO;NM_COLIGACAO;DS_COMPOSICAO_COLIGACAO
14/09/2026;RJ;RIO DE JANEIRO;VICE-GOVERNADOR;80;BIA MARTINS;PARTIDO ISOLADO;80;UP;UNIDADE POPULAR;#NULO;#NULO;#NULO;1,90002E+11;PARTIDO ISOLADO;UP
14/09/2026;RJ;RIO DE JANEIRO;VICE-GOVERNADOR;16;PERCILIANA;PARTIDO ISOLADO;16;PSTU;PARTIDO SOCIALISTA  DOS TRABALHADORES UNIFICADO;#NULO;#NULO;#NULO;1,90002E+11;PARTIDO ISOLADO;PSTU
14/09/2026;RJ;RIO DE JANEIRO;VICE-GOVERNADOR;50;JULIANA CARVALHO;FEDERAÇÃO;50;PSOL;PARTIDO SOCIALISMO E LIBERDADE;FEDERAÇÃO PSOL REDE;PSOL/REDE;PSOL/REDE;1,90002E+11;FEDERAÇÃO;FEDERAÇÃO PSOL REDE (PSOL / REDE)
14/09/2026;RJ;RIO DE JANEIRO;VICE-GOVERNADOR;29;CAETANO ALBUQUERQUE;PARTIDO ISOLADO;29;PCO;PARTIDO DA CAUSA OPERÁRIA;#NULO;#NULO;#NULO;1,90002E+11;PARTIDO ISOLADO;PCO
14/09/2026;RJ;RIO DE JANEIRO;SENADOR;500;MONICA BENICIO;FEDERAÇÃO;50;PSOL;PARTIDO SOCIALISMO E LIBERDADE;FEDERAÇÃO PSOL REDE;PSOL/REDE;PSOL/REDE;1,90002E+11;FEDERAÇÃO;FEDERAÇÃO PSOL REDE (PSOL / REDE)
14/09/2026;RJ;RIO DE JANEIRO;SENADOR;160;PAULA FALCÃO;PARTIDO ISOLADO;16;PSTU;PARTIDO SOCIALISTA  DOS TRABALHADORES UNIFICADO;#NULO;#NULO;#NULO;1,90002E+11;PARTIDO ISOLADO;PSTU
14/09/2026;RJ;RIO DE JANEIRO;SENADOR;131;BENEDITA DA SILVA;COLIGAÇÃO;13;PT;PARTIDO DOS TRABALHADORES;FEDERAÇÃO BRASIL DA ESPERANÇA - FE BRASIL;PT/PC do B/PV;PT/PC do B/PV;1,90002E+11;JUNTOS PARA MUDAR CORAGEM PARA RECONSTRUIR;PDT / MDB / DC / FEDERAÇÃO BRASIL DA ESPERANÇA - FE BRASIL (PT / PC do B / PV) / PSB / PSD / FEDERAÇÃO PSDB CIDADANIA (PSDB / CIDADANIA) / FEDERAÇÃO RENOVAÇÃO SOLIDÁRIA (PRD / SOLIDARIEDADE)
14/09/2026;RJ;RIO DE JANEIRO;SENADOR;290;LUIZ EUGENIO;PARTIDO ISOLADO;29;PCO;PARTIDO DA CAUSA OPERÁRIA;#NULO;#NULO;#NULO;1,90002E+11;PARTIDO ISOLADO;PCO
14/09/2026;RJ;RIO DE JANEIRO;SENADOR;808;VINICIUS BENEVIDES;PARTIDO ISOLADO;80;UP;UNIDADE POPULAR;#NULO;#NULO;#NULO;1,90002E+11;PARTIDO ISOLADO;UP
14/09/2026;RJ;RIO DE JANEIRO;SENADOR;800;MICHELLY XAVIER;PARTIDO ISOLADO;80;UP;UNIDADE POPULAR;#NULO;#NULO;#NULO;1,90002E+11;PARTIDO ISOLADO;UP
14/09/2026;RJ;RIO DE JANEIRO;GOVERNADOR;16;CYRO GARCIA;PARTIDO ISOLADO;16;PSTU;PARTIDO SOCIALISTA  DOS TRABALHADORES UNIFICADO;#NULO;#NULO;#NULO;1,90002E+11;PARTIDO ISOLADO;PSTU
14/09/2026;RJ;RIO DE JANEIRO;GOVERNADOR;80;JULIETE;PARTIDO ISOLADO;80;UP;UNIDADE POPULAR;#NULO;#NULO;#NULO;1,90002E+11;PARTIDO ISOLADO;UP
14/09/2026;RJ;RIO DE JANEIRO;GOVERNADOR;50;WILLIAM SIRI;FEDERAÇÃO;50;PSOL;PARTIDO SOCIALISMO E LIBERDADE;FEDERAÇÃO PSOL REDE;PSOL/REDE;PSOL/REDE;1,90002E+11;FEDERAÇÃO;FEDERAÇÃO PSOL REDE (PSOL / REDE)
14/09/2026;RJ;RIO DE JANEIRO;GOVERNADOR;29;LUAN MONTEIRO;PARTIDO ISOLADO;29;PCO;PARTIDO DA CAUSA OPERÁRIA;#NULO;#NULO;#NULO;1,90002E+11;PARTIDO ISOLADO;PCO
14/09/2026;RJ;RIO DE JANEIRO;DEPUTADO FEDERAL;5028;FERNANDO NASCIMENTO;FEDERAÇÃO;50;PSOL;PARTIDO SOCIALISMO E LIBERDADE;FEDERAÇÃO PSOL REDE;PSOL/REDE;PSOL/REDE;1,90002E+11;FEDERAÇÃO;FEDERAÇÃO PSOL REDE (PSOL / REDE)
14/09/2026;RJ;RIO DE JANEIRO;DEPUTADO FEDERAL;5021;GUILHERME PIMENTEL;FEDERAÇÃO;50;PSOL;PARTIDO SOCIALISMO E LIBERDADE;FEDERAÇÃO PSOL REDE;PSOL/REDE;PSOL/REDE;1,90002E+11;FEDERAÇÃO;FEDERAÇÃO PSOL REDE (PSOL / REDE)
14/09/2026;RJ;RIO DE JANEIRO;DEPUTADO FEDERAL;5024;FRENTISTA HAYRES MUNIZ;FEDERAÇÃO;50;PSOL;PARTIDO SOCIALISMO E LIBERDADE;FEDERAÇÃO PSOL REDE;PSOL/REDE;PSOL/REDE;1,90002E+11;FEDERAÇÃO;FEDERAÇÃO PSOL REDE (PSOL / REDE)
14/09/2026;RJ;RIO DE JANEIRO;DEPUTADO FEDERAL;5013;AMANDA COSTA;FEDERAÇÃO;50;PSOL;PARTIDO SOCIALISMO E LIBERDADE;FEDERAÇÃO PSOL REDE;PSOL/REDE;PSOL/REDE;1,90002E+11;FEDERAÇÃO;FEDERAÇÃO PSOL REDE (PSOL / REDE)
14/09/2026;RJ;RIO DE JANEIRO;DEPUTADO FEDERAL;5022;WILIANS DOUGLAS;FEDERAÇÃO;50;PSOL;PARTIDO SOCIALISMO E LIBERDADE;FEDERAÇÃO PSOL REDE;PSOL/REDE;PSOL/REDE;1,90002E+11;FEDERAÇÃO;FEDERAÇÃO PSOL REDE (PSOL / REDE)
14/09/2026;RJ;RIO DE JANEIRO;DEPUTADO FEDERAL;5005;RAFAEL RIBEIRO;FEDERAÇÃO;50;PSOL;PARTIDO SOCIALISMO E LIBERDADE;FEDERAÇÃO PSOL REDE;PSOL/REDE;PSOL/REDE;1,90002E+11;FEDERAÇÃO;FEDERAÇÃO PSOL REDE (PSOL / REDE)
14/09/2026;RJ;RIO DE JANEIRO;DEPUTADO FEDERAL;2919;JAMAICA;PARTIDO ISOLADO;29;PCO;PARTIDO DA CAUSA OPERÁRIA;#NULO;#NULO;#NULO;1,90002E+11;PARTIDO ISOLADO;PCO
14/09/2026;RJ;RIO DE JANEIRO;DEPUTADO FEDERAL;1234;AXEL GRAEL;PARTIDO ISOLADO;12;PDT;PARTIDO DEMOCRÁTICO TRABALHISTA;#NULO;#NULO;#NULO;1,90002E+11;PARTIDO ISOLADO;PDT
14/09/2026;RJ;RIO DE JANEIRO;DEPUTADO FEDERAL;1224;STELLA GAIO;PARTIDO ISOLADO;12;PDT;PARTIDO DEMOCRÁTICO TRABALHISTA;#NULO;#NULO;#NULO;1,90002E+11;PARTIDO ISOLADO;PDT
14/09/2026;RJ;RIO DE JANEIRO;DEPUTADO FEDERAL;1280;NETE HULPAN;PARTIDO ISOLADO;12;PDT;PARTIDO DEMOCRÁTICO TRABALHISTA;#NULO;#NULO;#NULO;1,90002E+11;PARTIDO ISOLADO;PDT
14/09/2026;RJ;RIO DE JANEIRO;DEPUTADO FEDERAL;1245;DANILO PERES;PARTIDO ISOLADO;12;PDT;PARTIDO DEMOCRÁTICO TRABALHISTA;#NULO;#NULO;#NULO;1,90002E+11;PARTIDO ISOLADO;PDT
14/09/2026;RJ;RIO DE JANEIRO;DEPUTADO FEDERAL;1210;RENATO MUNIZ;PARTIDO ISOLADO;12;PDT;PARTIDO DEMOCRÁTICO TRABALHISTA;#NULO;#NULO;#NULO;1,90002E+11;PARTIDO ISOLADO;PDT
14/09/2026;RJ;RIO DE JANEIRO;DEPUTADO FEDERAL;1225;TONINHO BONDADE;PARTIDO ISOLADO;12;PDT;PARTIDO DEMOCRÁTICO TRABALHISTA;#NULO;#NULO;#NULO;1,90002E+11;PARTIDO ISOLADO;PDT
14/09/2026;RJ;RIO DE JANEIRO;DEPUTADO FEDERAL;1375;DANI NUNES;FEDERAÇÃO;13;PT;PARTIDO DOS TRABALHADORES;FEDERAÇÃO BRASIL DA ESPERANÇA - FE BRASIL;PT/PC do B/PV;PT/PC do B/PV;1,90002E+11;FEDERAÇÃO;FEDERAÇÃO BRASIL DA ESPERANÇA - FE BRASIL (PT / PC do B / PV)
14/09/2026;RJ;RIO DE JANEIRO;DEPUTADO FEDERAL;1330;ANIELLE FRANCO;FEDERAÇÃO;13;PT;PARTIDO DOS TRABALHADORES;FEDERAÇÃO BRASIL DA ESPERANÇA - FE BRASIL;PT/PC do B/PV;PT/PC do B/PV;1,90002E+11;FEDERAÇÃO;FEDERAÇÃO BRASIL DA ESPERANÇA - FE BRASIL (PT / PC do B / PV)
14/09/2026;RJ;RIO DE JANEIRO;DEPUTADO FEDERAL;1369;LUCIANA NERY;FEDERAÇÃO;13;PT;PARTIDO DOS TRABALHADORES;FEDERAÇÃO BRASIL DA ESPERANÇA - FE BRASIL;PT/PC do B/PV;PT/PC do B/PV;1,90002E+11;FEDERAÇÃO;FEDERAÇÃO BRASIL DA ESPERANÇA - FE BRASIL (PT / PC do B / PV)
14/09/2026;RJ;RIO DE JANEIRO;DEPUTADO FEDERAL;6556;ENFERMEIRA REJANE;FEDERAÇÃO;65;PCDOB;PARTIDO COMUNISTA DO BRASIL;FEDERAÇÃO BRASIL DA ESPERANÇA - FE BRASIL;PT/PC do B/PV;PT/PC do B/PV;1,90002E+11;FEDERAÇÃO;FEDERAÇÃO BRASIL DA ESPERANÇA - FE BRASIL (PT / PC do B / PV)
14/09/2026;RJ;RIO DE JANEIRO;DEPUTADO FEDERAL;1314;SANDRÃO DA SAÚDE;FEDERAÇÃO;13;PT;PARTIDO DOS TRABALHADORES;FEDERAÇÃO BRASIL DA ESPERANÇA - FE BRASIL;PT/PC do B/PV;PT/PC do B/PV;1,90002E+11;FEDERAÇÃO;FEDERAÇÃO BRASIL DA ESPERANÇA - FE BRASIL (PT / PC do B / PV)
14/09/2026;RJ;RIO DE JANEIRO;DEPUTADO FEDERAL;1304;AMÉLIA LEAL;FEDERAÇÃO;13;PT;PARTIDO DOS TRABALHADORES;FEDERAÇÃO BRASIL DA ESPERANÇA - FE BRASIL;PT/PC do B/PV;PT/PC do B/PV;1,90002E+11;FEDERAÇÃO;FEDERAÇÃO BRASIL DA ESPERANÇA - FE BRASIL (PT / PC do B / PV)
14/09/2026;RJ;RIO DE JANEIRO;DEPUTADO FEDERAL;1301;DIMAS GADELHA;FEDERAÇÃO;13;PT;PARTIDO DOS TRABALHADORES;FEDERAÇÃO BRASIL DA ESPERANÇA - FE BRASIL;PT/PC do B/PV;PT/PC do B/PV;1,90002E+11;FEDERAÇÃO;FEDERAÇÃO BRASIL DA ESPERANÇA - FE BRASIL (PT / PC do B / PV)
14/09/2026;RJ;RIO DE JANEIRO;DEPUTADO FEDERAL;1303;FABIANO HORTA;FEDERAÇÃO;13;PT;PARTIDO DOS TRABALHADORES;FEDERAÇÃO BRASIL DA ESPERANÇA - FE BRASIL;PT/PC do B/PV;PT/PC do B/PV;1,90002E+11;FEDERAÇÃO;FEDERAÇÃO BRASIL DA ESPERANÇA - FE BRASIL (PT / PC do B / PV)
14/09/2026;RJ;RIO DE JANEIRO;DEPUTADO FEDERAL;4303;ADRIANA DO POVO;FEDERAÇÃO;43;PV;PARTIDO VERDE;FEDERAÇÃO BRASIL DA ESPERANÇA - FE BRASIL;PT/PC do B/PV;PT/PC do B/PV;1,90002E+11;FEDERAÇÃO;FEDERAÇÃO BRASIL DA ESPERANÇA - FE BRASIL (PT / PC do B / PV)
14/09/2026;RJ;RIO DE JANEIRO;DEPUTADO FEDERAL;1323;DRA. CRISLAINE COELHO;FEDERAÇÃO;13;PT;PARTIDO DOS TRABALHADORES;FEDERAÇÃO BRASIL DA ESPERANÇA - FE BRASIL;PT/PC do B/PV;PT/PC do B/PV;1,90002E+11;FEDERAÇÃO;FEDERAÇÃO BRASIL DA ESPERANÇA - FE BRASIL (PT / PC do B / PV)
14/09/2026;RJ;RIO DE JANEIRO;DEPUTADO FEDERAL;4078;NESTOR LOPES DE MADALENA;PARTIDO ISOLADO;40;PSB;PARTIDO SOCIALISTA BRASILEIRO;#NULO;#NULO;#NULO;1,90002E+11;PARTIDO ISOLADO;PSB
14/09/2026;RJ;RIO DE JANEIRO;DEPUTADO FEDERAL;4090;PRATINHA;PARTIDO ISOLADO;40;PSB;PARTIDO SOCIALISTA BRASILEIRO;#NULO;#NULO;#NULO;1,90002E+11;PARTIDO ISOLADO;PSB
14/09/2026;RJ;RIO DE JANEIRO;DEPUTADO FEDERAL;4070;CAROL MIDORI;PARTIDO ISOLADO;40;PSB;PARTIDO SOCIALISTA BRASILEIRO;#NULO;#NULO;#NULO;1,90002E+11;PARTIDO ISOLADO;PSB
14/09/2026;RJ;RIO DE JANEIRO;DEPUTADO FEDERAL;4013;TATIANA ROQUE;PARTIDO ISOLADO;40;PSB;PARTIDO SOCIALISTA BRASILEIRO;#NULO;#NULO;#NULO;1,90002E+11;PARTIDO ISOLADO;PSB
14/09/2026;RJ;RIO DE JANEIRO;DEPUTADO FEDERAL;4087;DARLAN PRAXEDES;PARTIDO ISOLADO;40;PSB;PARTIDO SOCIALISTA BRASILEIRO;#NULO;#NULO;#NULO;1,90002E+11;PARTIDO ISOLADO;PSB
14/09/2026;RJ;RIO DE JANEIRO;DEPUTADO FEDERAL;4064;IVANA MOREIRA;PARTIDO ISOLADO;40;PSB;PARTIDO SOCIALISTA BRASILEIRO;#NULO;#NULO;#NULO;1,90002E+11;PARTIDO ISOLADO;PSB
14/09/2026;RJ;RIO DE JANEIRO;DEPUTADO FEDERAL;4024;JADSON FACTUALRJ;PARTIDO ISOLADO;40;PSB;PARTIDO SOCIALISTA BRASILEIRO;#NULO;#NULO;#NULO;1,90002E+11;PARTIDO ISOLADO;PSB
14/09/2026;RJ;RIO DE JANEIRO;DEPUTADO FEDERAL;4081;RAFAEL DO BEM;PARTIDO ISOLADO;40;PSB;PARTIDO SOCIALISTA BRASILEIRO;#NULO;#NULO;#NULO;1,90002E+11;PARTIDO ISOLADO;PSB
14/09/2026;RJ;RIO DE JANEIRO;DEPUTADO FEDERAL;4006;SUSTENTARE IDÁLIA;PARTIDO ISOLADO;40;PSB;PARTIDO SOCIALISTA BRASILEIRO;#NULO;#NULO;#NULO;1,90002E+11;PARTIDO ISOLADO;PSB
14/09/2026;RJ;RIO DE JANEIRO;DEPUTADO FEDERAL;1824;GLAUCO COSTA;FEDERAÇÃO;18;REDE;REDE SUSTENTABILIDADE;FEDERAÇÃO PSOL REDE;PSOL/REDE;PSOL/REDE;1,90002E+11;FEDERAÇÃO;FEDERAÇÃO PSOL REDE (PSOL / REDE)
14/09/2026;RJ;RIO DE JANEIRO;DEPUTADO FEDERAL;5015;CRÂNIO;FEDERAÇÃO;50;PSOL;PARTIDO SOCIALISMO E LIBERDADE;FEDERAÇÃO PSOL REDE;PSOL/REDE;PSOL/REDE;1,90002E+11;FEDERAÇÃO;FEDERAÇÃO PSOL REDE (PSOL / REDE)
14/09/2026;RJ;RIO DE JANEIRO;DEPUTADO FEDERAL;5042;ANDRÉ BARROS;FEDERAÇÃO;50;PSOL;PARTIDO SOCIALISMO E LIBERDADE;FEDERAÇÃO PSOL REDE;PSOL/REDE;PSOL/REDE;1,90002E+11;FEDERAÇÃO;FEDERAÇÃO PSOL REDE (PSOL / REDE)
14/09/2026;RJ;RIO DE JANEIRO;DEPUTADO FEDERAL;2344;IZA DUTRA;FEDERAÇÃO;23;CIDADANIA;CIDADANIA;FEDERAÇÃO PSDB CIDADANIA;PSDB/CIDADANIA;PSDB/CIDADANIA;1,90002E+11;FEDERAÇÃO;FEDERAÇÃO PSDB CIDADANIA (PSDB / CIDADANIA)
14/09/2026;RJ;RIO DE JANEIRO;DEPUTADO FEDERAL;1270;MARCÃO ALVES;PARTIDO ISOLADO;12;PDT;PARTIDO DEMOCRÁTICO TRABALHISTA;#NULO;#NULO;#NULO;1,90002E+11;PARTIDO ISOLADO;PDT
14/09/2026;RJ;RIO DE JANEIRO;DEPUTADO FEDERAL;1218;ARAUJO;PARTIDO ISOLADO;12;PDT;PARTIDO DEMOCRÁTICO TRABALHISTA;#NULO;#NULO;#NULO;1,90002E+11;PARTIDO ISOLADO;PDT
14/09/2026;RJ;RIO DE JANEIRO;DEPUTADO FEDERAL;1213;JOSE DIAZ;PARTIDO ISOLADO;12;PDT;PARTIDO DEMOCRÁTICO TRABALHISTA;#NULO;#NULO;#NULO;1,90002E+11;PARTIDO ISOLADO;PDT
14/09/2026;RJ;RIO DE JANEIRO;DEPUTADO FEDERAL;1261;LAU FURACÃO;PARTIDO ISOLADO;12;PDT;PARTIDO DEMOCRÁTICO TRABALHISTA;#NULO;#NULO;#NULO;1,90002E+11;PARTIDO ISOLADO;PDT
14/09/2026;RJ;RIO DE JANEIRO;DEPUTADO FEDERAL;1380;CELSO PANSERA;FEDERAÇÃO;13;PT;PARTIDO DOS TRABALHADORES;FEDERAÇÃO BRASIL DA ESPERANÇA - FE BRASIL;PT/PC do B/PV;PT/PC do B/PV;1,90002E+11;FEDERAÇÃO;FEDERAÇÃO BRASIL DA ESPERANÇA - FE BRASIL (PT / PC do B / PV)
14/09/2026;RJ;RIO DE JANEIRO;DEPUTADO FEDERAL;1333;REIMONT;FEDERAÇÃO;13;PT;PARTIDO DOS TRABALHADORES;FEDERAÇÃO BRASIL DA ESPERANÇA - FE BRASIL;PT/PC do B/PV;PT/PC do B/PV;1,90002E+11;FEDERAÇÃO;FEDERAÇÃO BRASIL DA ESPERANÇA - FE BRASIL (PT / PC do B / PV)
14/09/2026;RJ;RIO DE JANEIRO;DEPUTADO FEDERAL;1399;MARCELO PACHECO;FEDERAÇÃO;13;PT;PARTIDO DOS TRABALHADORES;FEDERAÇÃO BRASIL DA ESPERANÇA - FE BRASIL;PT/PC do B/PV;PT/PC do B/PV;1,90002E+11;FEDERAÇÃO;FEDERAÇÃO BRASIL DA ESPERANÇA - FE BRASIL (PT / PC do B / PV)
14/09/2026;RJ;RIO DE JANEIRO;DEPUTADO FEDERAL;1342;DR. RUBINHO;FEDERAÇÃO;13;PT;PARTIDO DOS TRABALHADORES;FEDERAÇÃO BRASIL DA ESPERANÇA - FE BRASIL;PT/PC do B/PV;PT/PC do B/PV;1,90002E+11;FEDERAÇÃO;FEDERAÇÃO BRASIL DA ESPERANÇA - FE BRASIL (PT / PC do B / PV)
14/09/2026;RJ;RIO DE JANEIRO;DEPUTADO FEDERAL;1312;SUB ANTÔNIO ANDRADE;FEDERAÇÃO;13;PT;PARTIDO DOS TRABALHADORES;FEDERAÇÃO BRASIL DA ESPERANÇA - FE BRASIL;PT/PC do B/PV;PT/PC do B/PV;1,90002E+11;FEDERAÇÃO;FEDERAÇÃO BRASIL DA ESPERANÇA - FE BRASIL (PT / PC do B / PV)
14/09/2026;RJ;RIO DE JANEIRO;DEPUTADO FEDERAL;6577;ELIAS JABBOUR;FEDERAÇÃO;65;PCDOB;PARTIDO COMUNISTA DO BRASIL;FEDERAÇÃO BRASIL DA ESPERANÇA - FE BRASIL;PT/PC do B/PV;PT/PC do B/PV;1,90002E+11;FEDERAÇÃO;FEDERAÇÃO BRASIL DA ESPERANÇA - FE BRASIL (PT / PC do B / PV)
14/09/2026;RJ;RIO DE JANEIRO;DEPUTADO FEDERAL;1332;EMERSON TDB;FEDERAÇÃO;13;PT;PARTIDO DOS TRABALHADORES;FEDERAÇÃO BRASIL DA ESPERANÇA - FE BRASIL;PT/PC do B/PV;PT/PC do B/PV;1,90002E+11;FEDERAÇÃO;FEDERAÇÃO BRASIL DA ESPERANÇA - FE BRASIL (PT / PC do B / PV)
14/09/2026;RJ;RIO DE JANEIRO;DEPUTADO FEDERAL;6565;JANDIRA FEGHALI;FEDERAÇÃO;65;PCDOB;PARTIDO COMUNISTA DO BRASIL;FEDERAÇÃO BRASIL DA ESPERANÇA - FE BRASIL;PT/PC do B/PV;PT/PC do B/PV;1,90002E+11;FEDERAÇÃO;FEDERAÇÃO BRASIL DA ESPERANÇA - FE BRASIL (PT / PC do B / PV)
14/09/2026;RJ;RIO DE JANEIRO;DEPUTADO FEDERAL;8000;ESTEBAN CRESCENTE;PARTIDO ISOLADO;80;UP;UNIDADE POPULAR;#NULO;#NULO;#NULO;1,90002E+11;PARTIDO ISOLADO;UP
14/09/2026;RJ;RIO DE JANEIRO;DEPUTADO FEDERAL;4050;RAFAEL PRIMO;PARTIDO ISOLADO;40;PSB;PARTIDO SOCIALISTA BRASILEIRO;#NULO;#NULO;#NULO;1,90002E+11;PARTIDO ISOLADO;PSB
14/09/2026;RJ;RIO DE JANEIRO;DEPUTADO FEDERAL;4020;SANDRA TEIXEIRA;PARTIDO ISOLADO;40;PSB;PARTIDO SOCIALISTA BRASILEIRO;#NULO;#NULO;#NULO;1,90002E+11;PARTIDO ISOLADO;PSB
14/09/2026;RJ;RIO DE JANEIRO;DEPUTADO FEDERAL;4023;BARBARA CRISTINA;PARTIDO ISOLADO;40;PSB;PARTIDO SOCIALISTA BRASILEIRO;#NULO;#NULO;#NULO;1,90002E+11;PARTIDO ISOLADO;PSB
14/09/2026;RJ;RIO DE JANEIRO;DEPUTADO FEDERAL;4045;RÔMULO MILAGRES;PARTIDO ISOLADO;40;PSB;PARTIDO SOCIALISTA BRASILEIRO;#NULO;#NULO;#NULO;1,90002E+11;PARTIDO ISOLADO;PSB
14/09/2026;RJ;RIO DE JANEIRO;DEPUTADO FEDERAL;4010;ROMÉRIO DUARTE;PARTIDO ISOLADO;40;PSB;PARTIDO SOCIALISTA BRASILEIRO;#NULO;#NULO;#NULO;1,90002E+11;PARTIDO ISOLADO;PSB
14/09/2026;RJ;RIO DE JANEIRO;DEPUTADO FEDERAL;5060;DELMA;FEDERAÇÃO;50;PSOL;PARTIDO SOCIALISMO E LIBERDADE;FEDERAÇÃO PSOL REDE;PSOL/REDE;PSOL/REDE;1,90002E+11;FEDERAÇÃO;FEDERAÇÃO PSOL REDE (PSOL / REDE)
14/09/2026;RJ;RIO DE JANEIRO;DEPUTADO FEDERAL;1818;HELOÍSA HELENA;FEDERAÇÃO;18;REDE;REDE SUSTENTABILIDADE;FEDERAÇÃO PSOL REDE;PSOL/REDE;PSOL/REDE;1,90002E+11;FEDERAÇÃO;FEDERAÇÃO PSOL REDE (PSOL / REDE)
14/09/2026;RJ;RIO DE JANEIRO;DEPUTADO FEDERAL;5016;FERNANDA VIEIRA;FEDERAÇÃO;50;PSOL;PARTIDO SOCIALISMO E LIBERDADE;FEDERAÇÃO PSOL REDE;PSOL/REDE;PSOL/REDE;1,90002E+11;FEDERAÇÃO;FEDERAÇÃO PSOL REDE (PSOL / REDE)
14/09/2026;RJ;RIO DE JANEIRO;DEPUTADO FEDERAL;1200;VITOR JUNIOR;PARTIDO ISOLADO;12;PDT;PARTIDO DEMOCRÁTICO TRABALHISTA;#NULO;#NULO;#NULO;1,90002E+11;PARTIDO ISOLADO;PDT
14/09/2026;RJ;RIO DE JANEIRO;DEPUTADO FEDERAL;1277;ROSANGELA DO MÉIER;PARTIDO ISOLADO;12;PDT;PARTIDO DEMOCRÁTICO TRABALHISTA;#NULO;#NULO;#NULO;1,90002E+11;PARTIDO ISOLADO;PDT
14/09/2026;RJ;RIO DE JANEIRO;DEPUTADO FEDERAL;1244;REJANE DA EDUCAÇÃO;PARTIDO ISOLADO;12;PDT;PARTIDO DEMOCRÁTICO TRABALHISTA;#NULO;#NULO;#NULO;1,90002E+11;PARTIDO ISOLADO;PDT
14/09/2026;RJ;RIO DE JANEIRO;DEPUTADO FEDERAL;1302;CARLOS SANTANA;FEDERAÇÃO;13;PT;PARTIDO DOS TRABALHADORES;FEDERAÇÃO BRASIL DA ESPERANÇA - FE BRASIL;PT/PC do B/PV;PT/PC do B/PV;1,90002E+11;FEDERAÇÃO;FEDERAÇÃO BRASIL DA ESPERANÇA - FE BRASIL (PT / PC do B / PV)
14/09/2026;RJ;RIO DE JANEIRO;DEPUTADO FEDERAL;1395;KEVINHO DO MORRO;FEDERAÇÃO;13;PT;PARTIDO DOS TRABALHADORES;FEDERAÇÃO BRASIL DA ESPERANÇA - FE BRASIL;PT/PC do B/PV;PT/PC do B/PV;1,90002E+11;FEDERAÇÃO;FEDERAÇÃO BRASIL DA ESPERANÇA - FE BRASIL (PT / PC do B / PV)
14/09/2026;RJ;RIO DE JANEIRO;DEPUTADO FEDERAL;1313;DIEGO QUAQUA;FEDERAÇÃO;13;PT;PARTIDO DOS TRABALHADORES;FEDERAÇÃO BRASIL DA ESPERANÇA - FE BRASIL;PT/PC do B/PV;PT/PC do B/PV;1,90002E+11;FEDERAÇÃO;FEDERAÇÃO BRASIL DA ESPERANÇA - FE BRASIL (PT / PC do B / PV)
14/09/2026;RJ;RIO DE JANEIRO;DEPUTADO FEDERAL;4017;MIGUELITO;PARTIDO ISOLADO;40;PSB;PARTIDO SOCIALISTA BRASILEIRO;#NULO;#NULO;#NULO;1,90002E+11;PARTIDO ISOLADO;PSB
14/09/2026;RJ;RIO DE JANEIRO;DEPUTADO FEDERAL;4060;PROFESSOR IVANIR DOS SANTOS;PARTIDO ISOLADO;40;PSB;PARTIDO SOCIALISTA BRASILEIRO;#NULO;#NULO;#NULO;1,90002E+11;PARTIDO ISOLADO;PSB
14/09/2026;RJ;RIO DE JANEIRO;DEPUTADO FEDERAL;4016;KARINA DA SAÚDE;PARTIDO ISOLADO;40;PSB;PARTIDO SOCIALISTA BRASILEIRO;#NULO;#NULO;#NULO;1,90002E+11;PARTIDO ISOLADO;PSB
14/09/2026;RJ;RIO DE JANEIRO;DEPUTADO FEDERAL;5077;TALÍRIA PETRONE;FEDERAÇÃO;50;PSOL;PARTIDO SOCIALISMO E LIBERDADE;FEDERAÇÃO PSOL REDE;PSOL/REDE;PSOL/REDE;1,90002E+11;FEDERAÇÃO;FEDERAÇÃO PSOL REDE (PSOL / REDE)
14/09/2026;RJ;RIO DE JANEIRO;DEPUTADO FEDERAL;5067;ARIANE MAGALHÃES;FEDERAÇÃO;50;PSOL;PARTIDO SOCIALISMO E LIBERDADE;FEDERAÇÃO PSOL REDE;PSOL/REDE;PSOL/REDE;1,90002E+11;FEDERAÇÃO;FEDERAÇÃO PSOL REDE (PSOL / REDE)
14/09/2026;RJ;RIO DE JANEIRO;DEPUTADO FEDERAL;5080;GLAUBER BRAGA;FEDERAÇÃO;50;PSOL;PARTIDO SOCIALISMO E LIBERDADE;FEDERAÇÃO PSOL REDE;PSOL/REDE;PSOL/REDE;1,90002E+11;FEDERAÇÃO;FEDERAÇÃO PSOL REDE (PSOL / REDE)
14/09/2026;RJ;RIO DE JANEIRO;DEPUTADO FEDERAL;5007;JÚLIA CASAMASSO;FEDERAÇÃO;50;PSOL;PARTIDO SOCIALISMO E LIBERDADE;FEDERAÇÃO PSOL REDE;PSOL/REDE;PSOL/REDE;1,90002E+11;FEDERAÇÃO;FEDERAÇÃO PSOL REDE (PSOL / REDE)
14/09/2026;RJ;RIO DE JANEIRO;DEPUTADO FEDERAL;5001;PASTOR HENRIQUE VIEIRA;FEDERAÇÃO;50;PSOL;PARTIDO SOCIALISMO E LIBERDADE;FEDERAÇÃO PSOL REDE;PSOL/REDE;PSOL/REDE;1,90002E+11;FEDERAÇÃO;FEDERAÇÃO PSOL REDE (PSOL / REDE)
14/09/2026;RJ;RIO DE JANEIRO;DEPUTADO FEDERAL;5000;TARCÍSIO MOTTA;FEDERAÇÃO;50;PSOL;PARTIDO SOCIALISMO E LIBERDADE;FEDERAÇÃO PSOL REDE;PSOL/REDE;PSOL/REDE;1,90002E+11;FEDERAÇÃO;FEDERAÇÃO PSOL REDE (PSOL / REDE)
14/09/2026;RJ;RIO DE JANEIRO;DEPUTADO FEDERAL;5055;DR DENILSON PRATA;FEDERAÇÃO;50;PSOL;PARTIDO SOCIALISMO E LIBERDADE;FEDERAÇÃO PSOL REDE;PSOL/REDE;PSOL/REDE;1,90002E+11;FEDERAÇÃO;FEDERAÇÃO PSOL REDE (PSOL / REDE)
14/09/2026;RJ;RIO DE JANEIRO;DEPUTADO FEDERAL;2929;HENRIQUE SIMONARD;PARTIDO ISOLADO;29;PCO;PARTIDO DA CAUSA OPERÁRIA;#NULO;#NULO;#NULO;1,90002E+11;PARTIDO ISOLADO;PCO
14/09/2026;RJ;RIO DE JANEIRO;DEPUTADO FEDERAL;1216;JONATAS DIAS;PARTIDO ISOLADO;12;PDT;PARTIDO DEMOCRÁTICO TRABALHISTA;#NULO;#NULO;#NULO;1,90002E+11;PARTIDO ISOLADO;PDT
14/09/2026;RJ;RIO DE JANEIRO;DEPUTADO FEDERAL;1206;ELAINE SAMPAIO;PARTIDO ISOLADO;12;PDT;PARTIDO DEMOCRÁTICO TRABALHISTA;#NULO;#NULO;#NULO;1,90002E+11;PARTIDO ISOLADO;PDT
14/09/2026;RJ;RIO DE JANEIRO;DEPUTADO FEDERAL;1243;HUGUINHO;PARTIDO ISOLADO;12;PDT;PARTIDO DEMOCRÁTICO TRABALHISTA;#NULO;#NULO;#NULO;1,90002E+11;PARTIDO ISOLADO;PDT
14/09/2026;RJ;RIO DE JANEIRO;DEPUTADO FEDERAL;1251;PAULÃO CARVALHO;PARTIDO ISOLADO;12;PDT;PARTIDO DEMOCRÁTICO TRABALHISTA;#NULO;#NULO;#NULO;1,90002E+11;PARTIDO ISOLADO;PDT
14/09/2026;RJ;RIO DE JANEIRO;DEPUTADO FEDERAL;1235;MOISES BOECHAT;PARTIDO ISOLADO;12;PDT;PARTIDO DEMOCRÁTICO TRABALHISTA;#NULO;#NULO;#NULO;1,90002E+11;PARTIDO ISOLADO;PDT
14/09/2026;RJ;RIO DE JANEIRO;DEPUTADO FEDERAL;1267;MARCIA BRAGA;PARTIDO ISOLADO;12;PDT;PARTIDO DEMOCRÁTICO TRABALHISTA;#NULO;#NULO;#NULO;1,90002E+11;PARTIDO ISOLADO;PDT
14/09/2026;RJ;RIO DE JANEIRO;DEPUTADO FEDERAL;1278;WILL DO GUETTO;PARTIDO ISOLADO;12;PDT;PARTIDO DEMOCRÁTICO TRABALHISTA;#NULO;#NULO;#NULO;1,90002E+11;PARTIDO ISOLADO;PDT
14/09/2026;RJ;RIO DE JANEIRO;DEPUTADO FEDERAL;1250;CLAUDIO VIGILANTE;PARTIDO ISOLADO;12;PDT;PARTIDO DEMOCRÁTICO TRABALHISTA;#NULO;#NULO;#NULO;1,90002E+11;PARTIDO ISOLADO;PDT
14/09/2026;RJ;RIO DE JANEIRO;DEPUTADO FEDERAL;1266;ZEZÉ AMIGA DE FÉ;PARTIDO ISOLADO;12;PDT;PARTIDO DEMOCRÁTICO TRABALHISTA;#NULO;#NULO;#NULO;1,90002E+11;PARTIDO ISOLADO;PDT
14/09/2026;RJ;RIO DE JANEIRO;DEPUTADO FEDERAL;1329;LOURENÇO DO VALLE;FEDERAÇÃO;13;PT;PARTIDO DOS TRABALHADORES;FEDERAÇÃO BRASIL DA ESPERANÇA - FE BRASIL;PT/PC do B/PV;PT/PC do B/PV;1,90002E+11;FEDERAÇÃO;FEDERAÇÃO BRASIL DA ESPERANÇA - FE BRASIL (PT / PC do B / PV)
14/09/2026;RJ;RIO DE JANEIRO;DEPUTADO FEDERAL;1310;NÍSIA TRINDADE;FEDERAÇÃO;13;PT;PARTIDO DOS TRABALHADORES;FEDERAÇÃO BRASIL DA ESPERANÇA - FE BRASIL;PT/PC do B/PV;PT/PC do B/PV;1,90002E+11;FEDERAÇÃO;FEDERAÇÃO BRASIL DA ESPERANÇA - FE BRASIL (PT / PC do B / PV)
14/09/2026;RJ;RIO DE JANEIRO;DEPUTADO FEDERAL;1331;FREIXO;FEDERAÇÃO;13;PT;PARTIDO DOS TRABALHADORES;FEDERAÇÃO BRASIL DA ESPERANÇA - FE BRASIL;PT/PC do B/PV;PT/PC do B/PV;1,90002E+11;FEDERAÇÃO;FEDERAÇÃO BRASIL DA ESPERANÇA - FE BRASIL (PT / PC do B / PV)
14/09/2026;RJ;RIO DE JANEIRO;DEPUTADO FEDERAL;1320;MÁRCIA PEIXOTO;FEDERAÇÃO;13;PT;PARTIDO DOS TRABALHADORES;FEDERAÇÃO BRASIL DA ESPERANÇA - FE BRASIL;PT/PC do B/PV;PT/PC do B/PV;1,90002E+11;FEDERAÇÃO;FEDERAÇÃO BRASIL DA ESPERANÇA - FE BRASIL (PT / PC do B / PV)
14/09/2026;RJ;RIO DE JANEIRO;DEPUTADO FEDERAL;1300;LINDBERGH;FEDERAÇÃO;13;PT;PARTIDO DOS TRABALHADORES;FEDERAÇÃO BRASIL DA ESPERANÇA - FE BRASIL;PT/PC do B/PV;PT/PC do B/PV;1,90002E+11;FEDERAÇÃO;FEDERAÇÃO BRASIL DA ESPERANÇA - FE BRASIL (PT / PC do B / PV)
14/09/2026;RJ;RIO DE JANEIRO;DEPUTADO FEDERAL;1311;ADELSON GUEDES;FEDERAÇÃO;13;PT;PARTIDO DOS TRABALHADORES;FEDERAÇÃO BRASIL DA ESPERANÇA - FE BRASIL;PT/PC do B/PV;PT/PC do B/PV;1,90002E+11;FEDERAÇÃO;FEDERAÇÃO BRASIL DA ESPERANÇA - FE BRASIL (PT / PC do B / PV)
14/09/2026;RJ;RIO DE JANEIRO;DEPUTADO FEDERAL;1350;BENNY BRIOLLY;FEDERAÇÃO;13;PT;PARTIDO DOS TRABALHADORES;FEDERAÇÃO BRASIL DA ESPERANÇA - FE BRASIL;PT/PC do B/PV;PT/PC do B/PV;1,90002E+11;FEDERAÇÃO;FEDERAÇÃO BRASIL DA ESPERANÇA - FE BRASIL (PT / PC do B / PV)
14/09/2026;RJ;RIO DE JANEIRO;DEPUTADO FEDERAL;1347;ORLANDO CARIOCA;FEDERAÇÃO;13;PT;PARTIDO DOS TRABALHADORES;FEDERAÇÃO BRASIL DA ESPERANÇA - FE BRASIL;PT/PC do B/PV;PT/PC do B/PV;1,90002E+11;FEDERAÇÃO;FEDERAÇÃO BRASIL DA ESPERANÇA - FE BRASIL (PT / PC do B / PV)
14/09/2026;RJ;RIO DE JANEIRO;DEPUTADO FEDERAL;4018;ELAINE FERREIRA;PARTIDO ISOLADO;40;PSB;PARTIDO SOCIALISTA BRASILEIRO;#NULO;#NULO;#NULO;1,90002E+11;PARTIDO ISOLADO;PSB
14/09/2026;RJ;RIO DE JANEIRO;DEPUTADO FEDERAL;4032;SIDNEY JESUS;PARTIDO ISOLADO;40;PSB;PARTIDO SOCIALISTA BRASILEIRO;#NULO;#NULO;#NULO;1,90002E+11;PARTIDO ISOLADO;PSB
14/09/2026;RJ;RIO DE JANEIRO;DEPUTADO FEDERAL;4080;IGOR CRESPO;PARTIDO ISOLADO;40;PSB;PARTIDO SOCIALISTA BRASILEIRO;#NULO;#NULO;#NULO;1,90002E+11;PARTIDO ISOLADO;PSB
14/09/2026;RJ;RIO DE JANEIRO;DEPUTADO FEDERAL;4030;PAULO ANGELITO;PARTIDO ISOLADO;40;PSB;PARTIDO SOCIALISTA BRASILEIRO;#NULO;#NULO;#NULO;1,90002E+11;PARTIDO ISOLADO;PSB
14/09/2026;RJ;RIO DE JANEIRO;DEPUTADO FEDERAL;4065;MARCUS SÃO THIAGO;PARTIDO ISOLADO;40;PSB;PARTIDO SOCIALISTA BRASILEIRO;#NULO;#NULO;#NULO;1,90002E+11;PARTIDO ISOLADO;PSB
14/09/2026;RJ;RIO DE JANEIRO;DEPUTADO FEDERAL;4099;ARY GIROTA;PARTIDO ISOLADO;40;PSB;PARTIDO SOCIALISTA BRASILEIRO;#NULO;#NULO;#NULO;1,90002E+11;PARTIDO ISOLADO;PSB
14/09/2026;RJ;RIO DE JANEIRO;DEPUTADO FEDERAL;5012;DR EMANUEL TORQUATO;FEDERAÇÃO;50;PSOL;PARTIDO SOCIALISMO E LIBERDADE;FEDERAÇÃO PSOL REDE;PSOL/REDE;PSOL/REDE;1,90002E+11;FEDERAÇÃO;FEDERAÇÃO PSOL REDE (PSOL / REDE)
14/09/2026;RJ;RIO DE JANEIRO;DEPUTADO FEDERAL;2989;EDILEUZA RAMOS;PARTIDO ISOLADO;29;PCO;PARTIDO DA CAUSA OPERÁRIA;#NULO;#NULO;#NULO;1,90002E+11;PARTIDO ISOLADO;PCO
14/09/2026;RJ;RIO DE JANEIRO;DEPUTADO FEDERAL;2900;RENATO BULHÕES;PARTIDO ISOLADO;29;PCO;PARTIDO DA CAUSA OPERÁRIA;#NULO;#NULO;#NULO;1,90002E+11;PARTIDO ISOLADO;PCO
14/09/2026;RJ;RIO DE JANEIRO;DEPUTADO FEDERAL;2999;EDUARDO LOPES;PARTIDO ISOLADO;29;PCO;PARTIDO DA CAUSA OPERÁRIA;#NULO;#NULO;#NULO;1,90002E+11;PARTIDO ISOLADO;PCO
14/09/2026;RJ;RIO DE JANEIRO;DEPUTADO FEDERAL;1256;VIGILANTE JORGE ROSA;PARTIDO ISOLADO;12;PDT;PARTIDO DEMOCRÁTICO TRABALHISTA;#NULO;#NULO;#NULO;1,90002E+11;PARTIDO ISOLADO;PDT
14/09/2026;RJ;RIO DE JANEIRO;DEPUTADO FEDERAL;1220;RICARDO DO MATERIAL;PARTIDO ISOLADO;12;PDT;PARTIDO DEMOCRÁTICO TRABALHISTA;#NULO;#NULO;#NULO;1,90002E+11;PARTIDO ISOLADO;PDT
14/09/2026;RJ;RIO DE JANEIRO;DEPUTADO FEDERAL;1239;VINICIUS ASSIS;PARTIDO ISOLADO;12;PDT;PARTIDO DEMOCRÁTICO TRABALHISTA;#NULO;#NULO;#NULO;1,90002E+11;PARTIDO ISOLADO;PDT
14/09/2026;RJ;RIO DE JANEIRO;DEPUTADO FEDERAL;1233;CRIS GEMEAS;PARTIDO ISOLADO;12;PDT;PARTIDO DEMOCRÁTICO TRABALHISTA;#NULO;#NULO;#NULO;1,90002E+11;PARTIDO ISOLADO;PDT
14/09/2026;RJ;RIO DE JANEIRO;DEPUTADO FEDERAL;1215;ANDRE SUZANO;PARTIDO ISOLADO;12;PDT;PARTIDO DEMOCRÁTICO TRABALHISTA;#NULO;#NULO;#NULO;1,90002E+11;PARTIDO ISOLADO;PDT
14/09/2026;RJ;RIO DE JANEIRO;DEPUTADO FEDERAL;1276;ÍNDIO DAS CADEIRAS;PARTIDO ISOLADO;12;PDT;PARTIDO DEMOCRÁTICO TRABALHISTA;#NULO;#NULO;#NULO;1,90002E+11;PARTIDO ISOLADO;PDT
14/09/2026;RJ;RIO DE JANEIRO;DEPUTADO FEDERAL;1240;DELEGADA MARTHA ROCHA;PARTIDO ISOLADO;12;PDT;PARTIDO DEMOCRÁTICO TRABALHISTA;#NULO;#NULO;#NULO;1,90002E+11;PARTIDO ISOLADO;PDT
14/09/2026;RJ;RIO DE JANEIRO;DEPUTADO FEDERAL;1207;LUCAS TERRA;PARTIDO ISOLADO;12;PDT;PARTIDO DEMOCRÁTICO TRABALHISTA;#NULO;#NULO;#NULO;1,90002E+11;PARTIDO ISOLADO;PDT
14/09/2026;RJ;RIO DE JANEIRO;DEPUTADO FEDERAL;1367;PASTOR WAGNER AVELLAR;FEDERAÇÃO;13;PT;PARTIDO DOS TRABALHADORES;FEDERAÇÃO BRASIL DA ESPERANÇA - FE BRASIL;PT/PC do B/PV;PT/PC do B/PV;1,90002E+11;FEDERAÇÃO;FEDERAÇÃO BRASIL DA ESPERANÇA - FE BRASIL (PT / PC do B / PV)
14/09/2026;RJ;RIO DE JANEIRO;DEPUTADO FEDERAL;4343;LÉO PICCIANI;FEDERAÇÃO;43;PV;PARTIDO VERDE;FEDERAÇÃO BRASIL DA ESPERANÇA - FE BRASIL;PT/PC do B/PV;PT/PC do B/PV;1,90002E+11;FEDERAÇÃO;FEDERAÇÃO BRASIL DA ESPERANÇA - FE BRASIL (PT / PC do B / PV)
14/09/2026;RJ;RIO DE JANEIRO;DEPUTADO FEDERAL;1357;VITOR ARANHA;FEDERAÇÃO;13;PT;PARTIDO DOS TRABALHADORES;FEDERAÇÃO BRASIL DA ESPERANÇA - FE BRASIL;PT/PC do B/PV;PT/PC do B/PV;1,90002E+11;FEDERAÇÃO;FEDERAÇÃO BRASIL DA ESPERANÇA - FE BRASIL (PT / PC do B / PV)
14/09/2026;RJ;RIO DE JANEIRO;DEPUTADO FEDERAL;1325;LEO CDD;FEDERAÇÃO;13;PT;PARTIDO DOS TRABALHADORES;FEDERAÇÃO BRASIL DA ESPERANÇA - FE BRASIL;PT/PC do B/PV;PT/PC do B/PV;1,90002E+11;FEDERAÇÃO;FEDERAÇÃO BRASIL DA ESPERANÇA - FE BRASIL (PT / PC do B / PV)
14/09/2026;RJ;RIO DE JANEIRO;DEPUTADO FEDERAL;8080;PÉTALA;PARTIDO ISOLADO;80;UP;UNIDADE POPULAR;#NULO;#NULO;#NULO;1,90002E+11;PARTIDO ISOLADO;UP
14/09/2026;RJ;RIO DE JANEIRO;DEPUTADO FEDERAL;4012;DR JOÃO LEONEL BRIZOLA;PARTIDO ISOLADO;40;PSB;PARTIDO SOCIALISTA BRASILEIRO;#NULO;#NULO;#NULO;1,90002E+11;PARTIDO ISOLADO;PSB
14/09/2026;RJ;RIO DE JANEIRO;DEPUTADO FEDERAL;4003;PAULA DO VOLEI;PARTIDO ISOLADO;40;PSB;PARTIDO SOCIALISTA BRASILEIRO;#NULO;#NULO;#NULO;1,90002E+11;PARTIDO ISOLADO;PSB
14/09/2026;RJ;RIO DE JANEIRO;DEPUTADO FEDERAL;4027;VANESSINHA MONTEIRO;PARTIDO ISOLADO;40;PSB;PARTIDO SOCIALISTA BRASILEIRO;#NULO;#NULO;#NULO;1,90002E+11;PARTIDO ISOLADO;PSB
14/09/2026;RJ;RIO DE JANEIRO;DEPUTADO FEDERAL;4019;SAMUEL FAYAD;PARTIDO ISOLADO;40;PSB;PARTIDO SOCIALISTA BRASILEIRO;#NULO;#NULO;#NULO;1,90002E+11;PARTIDO ISOLADO;PSB
14/09/2026;RJ;RIO DE JANEIRO;DEPUTADO FEDERAL;4001;EDUARDO FURTADO;PARTIDO ISOLADO;40;PSB;PARTIDO SOCIALISTA BRASILEIRO;#NULO;#NULO;#NULO;1,90002E+11;PARTIDO ISOLADO;PSB
14/09/2026;RJ;RIO DE JANEIRO;DEPUTADO FEDERAL;4066;SELMINHA SORRISO;PARTIDO ISOLADO;40;PSB;PARTIDO SOCIALISTA BRASILEIRO;#NULO;#NULO;#NULO;1,90002E+11;PARTIDO ISOLADO;PSB
14/09/2026;RJ;RIO DE JANEIRO;DEPUTADO FEDERAL;1616;ELIAS ALFREDO;PARTIDO ISOLADO;16;PSTU;PARTIDO SOCIALISTA  DOS TRABALHADORES UNIFICADO;#NULO;#NULO;#NULO;1,90002E+11;PARTIDO ISOLADO;PSTU
14/09/2026;RJ;RIO DE JANEIRO;DEPUTADO FEDERAL;2323;JACK CALDERINI;FEDERAÇÃO;23;CIDADANIA;CIDADANIA;FEDERAÇÃO PSDB CIDADANIA;PSDB/CIDADANIA;PSDB/CIDADANIA;1,90002E+11;FEDERAÇÃO;FEDERAÇÃO PSDB CIDADANIA (PSDB / CIDADANIA)
14/09/2026;RJ;RIO DE JANEIRO;DEPUTADO FEDERAL;2909;VALÉRIA BARBALHO;PARTIDO ISOLADO;29;PCO;PARTIDO DA CAUSA OPERÁRIA;#NULO;#NULO;#NULO;1,90002E+11;PARTIDO ISOLADO;PCO
14/09/2026;RJ;RIO DE JANEIRO;DEPUTADO FEDERAL;1292;CLAUDIO LUIZ;PARTIDO ISOLADO;12;PDT;PARTIDO DEMOCRÁTICO TRABALHISTA;#NULO;#NULO;#NULO;1,90002E+11;PARTIDO ISOLADO;PDT
14/09/2026;RJ;RIO DE JANEIRO;DEPUTADO FEDERAL;1262;MARTA ENLALE;PARTIDO ISOLADO;12;PDT;PARTIDO DEMOCRÁTICO TRABALHISTA;#NULO;#NULO;#NULO;1,90002E+11;PARTIDO ISOLADO;PDT
14/09/2026;RJ;RIO DE JANEIRO;DEPUTADO FEDERAL;1337;ROSE DA SILVA;FEDERAÇÃO;13;PT;PARTIDO DOS TRABALHADORES;FEDERAÇÃO BRASIL DA ESPERANÇA - FE BRASIL;PT/PC do B/PV;PT/PC do B/PV;1,90002E+11;FEDERAÇÃO;FEDERAÇÃO BRASIL DA ESPERANÇA - FE BRASIL (PT / PC do B / PV)
14/09/2026;RJ;RIO DE JANEIRO;DEPUTADO FEDERAL;1370;DRA. LUCIA COSTA;FEDERAÇÃO;13;PT;PARTIDO DOS TRABALHADORES;FEDERAÇÃO BRASIL DA ESPERANÇA - FE BRASIL;PT/PC do B/PV;PT/PC do B/PV;1,90002E+11;FEDERAÇÃO;FEDERAÇÃO BRASIL DA ESPERANÇA - FE BRASIL (PT / PC do B / PV)
14/09/2026;RJ;RIO DE JANEIRO;DEPUTADO FEDERAL;1355;BENY GUERRA;FEDERAÇÃO;13;PT;PARTIDO DOS TRABALHADORES;FEDERAÇÃO BRASIL DA ESPERANÇA - FE BRASIL;PT/PC do B/PV;PT/PC do B/PV;1,90002E+11;FEDERAÇÃO;FEDERAÇÃO BRASIL DA ESPERANÇA - FE BRASIL (PT / PC do B / PV)
14/09/2026;RJ;RIO DE JANEIRO;DEPUTADO FEDERAL;1340;RUBENS BOMTEMPO;FEDERAÇÃO;13;PT;PARTIDO DOS TRABALHADORES;FEDERAÇÃO BRASIL DA ESPERANÇA - FE BRASIL;PT/PC do B/PV;PT/PC do B/PV;1,90002E+11;FEDERAÇÃO;FEDERAÇÃO BRASIL DA ESPERANÇA - FE BRASIL (PT / PC do B / PV)
14/09/2026;RJ;RIO DE JANEIRO;DEPUTADO FEDERAL;4055;DRA CHRIS LOPES;PARTIDO ISOLADO;40;PSB;PARTIDO SOCIALISTA BRASILEIRO;#NULO;#NULO;#NULO;1,90002E+11;PARTIDO ISOLADO;PSB
14/09/2026;RJ;RIO DE JANEIRO;DEPUTADO FEDERAL;4014;VAGNER MARTINS;PARTIDO ISOLADO;40;PSB;PARTIDO SOCIALISTA BRASILEIRO;#NULO;#NULO;#NULO;1,90002E+11;PARTIDO ISOLADO;PSB
14/09/2026;RJ;RIO DE JANEIRO;DEPUTADO FEDERAL;4002;MAYSA LOURENÇO;PARTIDO ISOLADO;40;PSB;PARTIDO SOCIALISTA BRASILEIRO;#NULO;#NULO;#NULO;1,90002E+11;PARTIDO ISOLADO;PSB
14/09/2026;RJ;RIO DE JANEIRO;DEPUTADO FEDERAL;4048;ADRIELY OSÓRIO;PARTIDO ISOLADO;40;PSB;PARTIDO SOCIALISTA BRASILEIRO;#NULO;#NULO;#NULO;1,90002E+11;PARTIDO ISOLADO;PSB
14/09/2026;RJ;RIO DE JANEIRO;DEPUTADO FEDERAL;4059;JOÃO HENRIQUE;PARTIDO ISOLADO;40;PSB;PARTIDO SOCIALISTA BRASILEIRO;#NULO;#NULO;#NULO;1,90002E+11;PARTIDO ISOLADO;PSB
14/09/2026;RJ;RIO DE JANEIRO;DEPUTADO FEDERAL;4021;VERÔNICA INÁCIO;PARTIDO ISOLADO;40;PSB;PARTIDO SOCIALISTA BRASILEIRO;#NULO;#NULO;#NULO;1,90002E+11;PARTIDO ISOLADO;PSB
14/09/2026;RJ;RIO DE JANEIRO;DEPUTADO FEDERAL;4000;PROFESSOR JOSÉ;PARTIDO ISOLADO;40;PSB;PARTIDO SOCIALISTA BRASILEIRO;#NULO;#NULO;#NULO;1,90002E+11;PARTIDO ISOLADO;PSB
14/09/2026;RJ;RIO DE JANEIRO;DEPUTADO FEDERAL;4067;EVANDRO MAZA FG;PARTIDO ISOLADO;40;PSB;PARTIDO SOCIALISTA BRASILEIRO;#NULO;#NULO;#NULO;1,90002E+11;PARTIDO ISOLADO;PSB
14/09/2026;RJ;RIO DE JANEIRO;DEPUTADO FEDERAL;5050;CHICO ALENCAR;FEDERAÇÃO;50;PSOL;PARTIDO SOCIALISMO E LIBERDADE;FEDERAÇÃO PSOL REDE;PSOL/REDE;PSOL/REDE;1,90002E+11;FEDERAÇÃO;FEDERAÇÃO PSOL REDE (PSOL / REDE)
14/09/2026;RJ;RIO DE JANEIRO;DEPUTADO FEDERAL;5020;PROFESSORA MIRIANA;FEDERAÇÃO;50;PSOL;PARTIDO SOCIALISMO E LIBERDADE;FEDERAÇÃO PSOL REDE;PSOL/REDE;PSOL/REDE;1,90002E+11;FEDERAÇÃO;FEDERAÇÃO PSOL REDE (PSOL / REDE)
14/09/2026;RJ;RIO DE JANEIRO;DEPUTADO FEDERAL;1253;ADRIANA AMARAL;PARTIDO ISOLADO;12;PDT;PARTIDO DEMOCRÁTICO TRABALHISTA;#NULO;#NULO;#NULO;1,90002E+11;PARTIDO ISOLADO;PDT
14/09/2026;RJ;RIO DE JANEIRO;DEPUTADO FEDERAL;1222;DEJORGE PATRICIO;PARTIDO ISOLADO;12;PDT;PARTIDO DEMOCRÁTICO TRABALHISTA;#NULO;#NULO;#NULO;1,90002E+11;PARTIDO ISOLADO;PDT
14/09/2026;RJ;RIO DE JANEIRO;DEPUTADO FEDERAL;1232;THIAGO VALERIO;PARTIDO ISOLADO;12;PDT;PARTIDO DEMOCRÁTICO TRABALHISTA;#NULO;#NULO;#NULO;1,90002E+11;PARTIDO ISOLADO;PDT
14/09/2026;RJ;RIO DE JANEIRO;DEPUTADO FEDERAL;1211;MONICA MONINHA;PARTIDO ISOLADO;12;PDT;PARTIDO DEMOCRÁTICO TRABALHISTA;#NULO;#NULO;#NULO;1,90002E+11;PARTIDO ISOLADO;PDT
14/09/2026;RJ;RIO DE JANEIRO;DEPUTADO FEDERAL;1288;RICARDO ARANHA;PARTIDO ISOLADO;12;PDT;PARTIDO DEMOCRÁTICO TRABALHISTA;#NULO;#NULO;#NULO;1,90002E+11;PARTIDO ISOLADO;PDT
14/09/2026;RJ;RIO DE JANEIRO;DEPUTADO FEDERAL;1201;WANDERSON NOGUEIRA;PARTIDO ISOLADO;12;PDT;PARTIDO DEMOCRÁTICO TRABALHISTA;#NULO;#NULO;#NULO;1,90002E+11;PARTIDO ISOLADO;PDT
14/09/2026;RJ;RIO DE JANEIRO;DEPUTADO FEDERAL;1242;MICHELLE CARVALHO;PARTIDO ISOLADO;12;PDT;PARTIDO DEMOCRÁTICO TRABALHISTA;#NULO;#NULO;#NULO;1,90002E+11;PARTIDO ISOLADO;PDT
14/09/2026;RJ;RIO DE JANEIRO;DEPUTADO FEDERAL;1299;FRANCISCO JUNIOR;PARTIDO ISOLADO;12;PDT;PARTIDO DEMOCRÁTICO TRABALHISTA;#NULO;#NULO;#NULO;1,90002E+11;PARTIDO ISOLADO;PDT
14/09/2026;RJ;RIO DE JANEIRO;DEPUTADO FEDERAL;1214;SANDRO MARTINS;PARTIDO ISOLADO;12;PDT;PARTIDO DEMOCRÁTICO TRABALHISTA;#NULO;#NULO;#NULO;1,90002E+11;PARTIDO ISOLADO;PDT
14/09/2026;RJ;RIO DE JANEIRO;DEPUTADO FEDERAL;1223;DR. LUCIANO BATATINHA;PARTIDO ISOLADO;12;PDT;PARTIDO DEMOCRÁTICO TRABALHISTA;#NULO;#NULO;#NULO;1,90002E+11;PARTIDO ISOLADO;PDT
14/09/2026;RJ;RIO DE JANEIRO;DEPUTADO FEDERAL;1307;MAIARA FELICIO;FEDERAÇÃO;13;PT;PARTIDO DOS TRABALHADORES;FEDERAÇÃO BRASIL DA ESPERANÇA - FE BRASIL;PT/PC do B/PV;PT/PC do B/PV;1,90002E+11;FEDERAÇÃO;FEDERAÇÃO BRASIL DA ESPERANÇA - FE BRASIL (PT / PC do B / PV)
14/09/2026;RJ;RIO DE JANEIRO;DEPUTADO FEDERAL;4313;MÁRCIA DO PV;FEDERAÇÃO;43;PV;PARTIDO VERDE;FEDERAÇÃO BRASIL DA ESPERANÇA - FE BRASIL;PT/PC do B/PV;PT/PC do B/PV;1,90002E+11;FEDERAÇÃO;FEDERAÇÃO BRASIL DA ESPERANÇA - FE BRASIL (PT / PC do B / PV)
14/09/2026;RJ;RIO DE JANEIRO;DEPUTADO FEDERAL;4015;MARKO PATRÍCIO;PARTIDO ISOLADO;40;PSB;PARTIDO SOCIALISTA BRASILEIRO;#NULO;#NULO;#NULO;1,90002E+11;PARTIDO ISOLADO;PSB
14/09/2026;RJ;RIO DE JANEIRO;DEPUTADO FEDERAL;4033;SERGINHO DA SINUCA;PARTIDO ISOLADO;40;PSB;PARTIDO SOCIALISTA BRASILEIRO;#NULO;#NULO;#NULO;1,90002E+11;PARTIDO ISOLADO;PSB
14/09/2026;RJ;RIO DE JANEIRO;DEPUTADO FEDERAL;4007;DR ADRIANO ROCHA;PARTIDO ISOLADO;40;PSB;PARTIDO SOCIALISTA BRASILEIRO;#NULO;#NULO;#NULO;1,90002E+11;PARTIDO ISOLADO;PSB
14/09/2026;RJ;RIO DE JANEIRO;DEPUTADO FEDERAL;1660;BARBARA SINEDINO;PARTIDO ISOLADO;16;PSTU;PARTIDO SOCIALISTA  DOS TRABALHADORES UNIFICADO;#NULO;#NULO;#NULO;1,90002E+11;PARTIDO ISOLADO;PSTU
14/09/2026;RJ;RIO DE JANEIRO;DEPUTADO FEDERAL;5044;RICK AZEVEDO;FEDERAÇÃO;50;PSOL;PARTIDO SOCIALISMO E LIBERDADE;FEDERAÇÃO PSOL REDE;PSOL/REDE;PSOL/REDE;1,90002E+11;FEDERAÇÃO;FEDERAÇÃO PSOL REDE (PSOL / REDE)
14/09/2026;RJ;RIO DE JANEIRO;DEPUTADO FEDERAL;5051;NOEL;FEDERAÇÃO;50;PSOL;PARTIDO SOCIALISMO E LIBERDADE;FEDERAÇÃO PSOL REDE;PSOL/REDE;PSOL/REDE;1,90002E+11;FEDERAÇÃO;FEDERAÇÃO PSOL REDE (PSOL / REDE)
14/09/2026;RJ;RIO DE JANEIRO;DEPUTADO FEDERAL;1205;BISPA ALCIONE;PARTIDO ISOLADO;12;PDT;PARTIDO DEMOCRÁTICO TRABALHISTA;#NULO;#NULO;#NULO;1,90002E+11;PARTIDO ISOLADO;PDT
14/09/2026;RJ;RIO DE JANEIRO;DEPUTADO FEDERAL;1255;LEON GOMES;PARTIDO ISOLADO;12;PDT;PARTIDO DEMOCRÁTICO TRABALHISTA;#NULO;#NULO;#NULO;1,90002E+11;PARTIDO ISOLADO;PDT
14/09/2026;RJ;RIO DE JANEIRO;DEPUTADO FEDERAL;1212;MARCOS TAVARES;PARTIDO ISOLADO;12;PDT;PARTIDO DEMOCRÁTICO TRABALHISTA;#NULO;#NULO;#NULO;1,90002E+11;PARTIDO ISOLADO;PDT
14/09/2026;RJ;RIO DE JANEIRO;DEPUTADO FEDERAL;1265;DR. MARCOS  DOUTOR HORA BOLAS ;PARTIDO ISOLADO;12;PDT;PARTIDO DEMOCRÁTICO TRABALHISTA;#NULO;#NULO;#NULO;1,90002E+11;PARTIDO ISOLADO;PDT
14/09/2026;RJ;RIO DE JANEIRO;DEPUTADO FEDERAL;1377;TAINÁ DE PAULA;FEDERAÇÃO;13;PT;PARTIDO DOS TRABALHADORES;FEDERAÇÃO BRASIL DA ESPERANÇA - FE BRASIL;PT/PC do B/PV;PT/PC do B/PV;1,90002E+11;FEDERAÇÃO;FEDERAÇÃO BRASIL DA ESPERANÇA - FE BRASIL (PT / PC do B / PV)
14/09/2026;RJ;RIO DE JANEIRO;DEPUTADO FEDERAL;4333;BANDEIRA DE MELLO;FEDERAÇÃO;43;PV;PARTIDO VERDE;FEDERAÇÃO BRASIL DA ESPERANÇA - FE BRASIL;PT/PC do B/PV;PT/PC do B/PV;1,90002E+11;FEDERAÇÃO;FEDERAÇÃO BRASIL DA ESPERANÇA - FE BRASIL (PT / PC do B / PV)
14/09/2026;RJ;RIO DE JANEIRO;DEPUTADO FEDERAL;4321;PROFESSOR RODNEY;FEDERAÇÃO;43;PV;PARTIDO VERDE;FEDERAÇÃO BRASIL DA ESPERANÇA - FE BRASIL;PT/PC do B/PV;PT/PC do B/PV;1,90002E+11;FEDERAÇÃO;FEDERAÇÃO BRASIL DA ESPERANÇA - FE BRASIL (PT / PC do B / PV)
14/09/2026;RJ;RIO DE JANEIRO;DEPUTADO FEDERAL;1306;DR. JOSÉ RICARDO;FEDERAÇÃO;13;PT;PARTIDO DOS TRABALHADORES;FEDERAÇÃO BRASIL DA ESPERANÇA - FE BRASIL;PT/PC do B/PV;PT/PC do B/PV;1,90002E+11;FEDERAÇÃO;FEDERAÇÃO BRASIL DA ESPERANÇA - FE BRASIL (PT / PC do B / PV)
14/09/2026;RJ;RIO DE JANEIRO;DEPUTADO FEDERAL;1344;DR. LOBÃO;FEDERAÇÃO;13;PT;PARTIDO DOS TRABALHADORES;FEDERAÇÃO BRASIL DA ESPERANÇA - FE BRASIL;PT/PC do B/PV;PT/PC do B/PV;1,90002E+11;FEDERAÇÃO;FEDERAÇÃO BRASIL DA ESPERANÇA - FE BRASIL (PT / PC do B / PV)
14/09/2026;RJ;RIO DE JANEIRO;DEPUTADO FEDERAL;1321;VALDO TAVARES;FEDERAÇÃO;13;PT;PARTIDO DOS TRABALHADORES;FEDERAÇÃO BRASIL DA ESPERANÇA - FE BRASIL;PT/PC do B/PV;PT/PC do B/PV;1,90002E+11;FEDERAÇÃO;FEDERAÇÃO BRASIL DA ESPERANÇA - FE BRASIL (PT / PC do B / PV)
14/09/2026;RJ;RIO DE JANEIRO;DEPUTADO FEDERAL;4022;PROFESSOR LEONARDO;PARTIDO ISOLADO;40;PSB;PARTIDO SOCIALISTA BRASILEIRO;#NULO;#NULO;#NULO;1,90002E+11;PARTIDO ISOLADO;PSB
14/09/2026;RJ;RIO DE JANEIRO;DEPUTADO FEDERAL;4004;JANAINA SANT ANNA;PARTIDO ISOLADO;40;PSB;PARTIDO SOCIALISTA BRASILEIRO;#NULO;#NULO;#NULO;1,90002E+11;PARTIDO ISOLADO;PSB
14/09/2026;RJ;RIO DE JANEIRO;DEPUTADO FEDERAL;4040;CHICO RUBENS PAIVA;PARTIDO ISOLADO;40;PSB;PARTIDO SOCIALISTA BRASILEIRO;#NULO;#NULO;#NULO;1,90002E+11;PARTIDO ISOLADO;PSB
14/09/2026;RJ;RIO DE JANEIRO;DEPUTADO FEDERAL;4044;DARLA MUNIZ;PARTIDO ISOLADO;40;PSB;PARTIDO SOCIALISTA BRASILEIRO;#NULO;#NULO;#NULO;1,90002E+11;PARTIDO ISOLADO;PSB
14/09/2026;RJ;RIO DE JANEIRO;DEPUTADO FEDERAL;4077;ANDRÉ PETINHA;PARTIDO ISOLADO;40;PSB;PARTIDO SOCIALISTA BRASILEIRO;#NULO;#NULO;#NULO;1,90002E+11;PARTIDO ISOLADO;PSB
14/09/2026;RJ;RIO DE JANEIRO;DEPUTADO FEDERAL;4088;GRACIANE MAURICIO;PARTIDO ISOLADO;40;PSB;PARTIDO SOCIALISTA BRASILEIRO;#NULO;#NULO;#NULO;1,90002E+11;PARTIDO ISOLADO;PSB
14/09/2026;RJ;RIO DE JANEIRO;DEPUTADO FEDERAL;4069;ADEMIR MÁXIMO RESPEITO;PARTIDO ISOLADO;40;PSB;PARTIDO SOCIALISTA BRASILEIRO;#NULO;#NULO;#NULO;1,90002E+11;PARTIDO ISOLADO;PSB
14/09/2026;RJ;RIO DE JANEIRO;DEPUTADO ESTADUAL;18180;JOE VENTURA;FEDERAÇÃO;18;REDE;REDE SUSTENTABILIDADE;FEDERAÇÃO PSOL REDE;PSOL/REDE;PSOL/REDE;1,90002E+11;FEDERAÇÃO;FEDERAÇÃO PSOL REDE (PSOL / REDE)
14/09/2026;RJ;RIO DE JANEIRO;DEPUTADO ESTADUAL;50111;PAULO PINHEIRO;FEDERAÇÃO;50;PSOL;PARTIDO SOCIALISMO E LIBERDADE;FEDERAÇÃO PSOL REDE;PSOL/REDE;PSOL/REDE;1,90002E+11;FEDERAÇÃO;FEDERAÇÃO PSOL REDE (PSOL / REDE)
14/09/2026;RJ;RIO DE JANEIRO;DEPUTADO ESTADUAL;50200;LEKO LEONARDO;FEDERAÇÃO;50;PSOL;PARTIDO SOCIALISMO E LIBERDADE;FEDERAÇÃO PSOL REDE;PSOL/REDE;PSOL/REDE;1,90002E+11;FEDERAÇÃO;FEDERAÇÃO PSOL REDE (PSOL / REDE)
14/09/2026;RJ;RIO DE JANEIRO;DEPUTADO ESTADUAL;50900;LEEBLON DA CULTURARJ;FEDERAÇÃO;50;PSOL;PARTIDO SOCIALISMO E LIBERDADE;FEDERAÇÃO PSOL REDE;PSOL/REDE;PSOL/REDE;1,90002E+11;FEDERAÇÃO;FEDERAÇÃO PSOL REDE (PSOL / REDE)
14/09/2026;RJ;RIO DE JANEIRO;DEPUTADO ESTADUAL;13613;PAULO MUSTRANGI;FEDERAÇÃO;13;PT;PARTIDO DOS TRABALHADORES;FEDERAÇÃO BRASIL DA ESPERANÇA - FE BRASIL;PT/PC do B/PV;PT/PC do B/PV;1,90002E+11;FEDERAÇÃO;FEDERAÇÃO BRASIL DA ESPERANÇA - FE BRASIL (PT / PC do B / PV)
14/09/2026;RJ;RIO DE JANEIRO;DEPUTADO ESTADUAL;13713;MARINA DO MST;FEDERAÇÃO;13;PT;PARTIDO DOS TRABALHADORES;FEDERAÇÃO BRASIL DA ESPERANÇA - FE BRASIL;PT/PC do B/PV;PT/PC do B/PV;1,90002E+11;FEDERAÇÃO;FEDERAÇÃO BRASIL DA ESPERANÇA - FE BRASIL (PT / PC do B / PV)
14/09/2026;RJ;RIO DE JANEIRO;DEPUTADO ESTADUAL;13021;ELIKA TAKIMOTO;FEDERAÇÃO;13;PT;PARTIDO DOS TRABALHADORES;FEDERAÇÃO BRASIL DA ESPERANÇA - FE BRASIL;PT/PC do B/PV;PT/PC do B/PV;1,90002E+11;FEDERAÇÃO;FEDERAÇÃO BRASIL DA ESPERANÇA - FE BRASIL (PT / PC do B / PV)
14/09/2026;RJ;RIO DE JANEIRO;DEPUTADO ESTADUAL;13567;ANDRÉ CECILIANO;FEDERAÇÃO;13;PT;PARTIDO DOS TRABALHADORES;FEDERAÇÃO BRASIL DA ESPERANÇA - FE BRASIL;PT/PC do B/PV;PT/PC do B/PV;1,90002E+11;FEDERAÇÃO;FEDERAÇÃO BRASIL DA ESPERANÇA - FE BRASIL (PT / PC do B / PV)
14/09/2026;RJ;RIO DE JANEIRO;DEPUTADO ESTADUAL;13002;DEVALDO;FEDERAÇÃO;13;PT;PARTIDO DOS TRABALHADORES;FEDERAÇÃO BRASIL DA ESPERANÇA - FE BRASIL;PT/PC do B/PV;PT/PC do B/PV;1,90002E+11;FEDERAÇÃO;FEDERAÇÃO BRASIL DA ESPERANÇA - FE BRASIL (PT / PC do B / PV)
14/09/2026;RJ;RIO DE JANEIRO;DEPUTADO ESTADUAL;12200;ANDERSON DA SAUDE;PARTIDO ISOLADO;12;PDT;PARTIDO DEMOCRÁTICO TRABALHISTA;#NULO;#NULO;#NULO;1,90002E+11;PARTIDO ISOLADO;PDT
14/09/2026;RJ;RIO DE JANEIRO;DEPUTADO ESTADUAL;12180;DEBORA SARAIVA;PARTIDO ISOLADO;12;PDT;PARTIDO DEMOCRÁTICO TRABALHISTA;#NULO;#NULO;#NULO;1,90002E+11;PARTIDO ISOLADO;PDT
14/09/2026;RJ;RIO DE JANEIRO;DEPUTADO ESTADUAL;12024;PHÊNIX;PARTIDO ISOLADO;12;PDT;PARTIDO DEMOCRÁTICO TRABALHISTA;#NULO;#NULO;#NULO;1,90002E+11;PARTIDO ISOLADO;PDT
14/09/2026;RJ;RIO DE JANEIRO;DEPUTADO ESTADUAL;12012;MARCELL CASTRO DE BARRA MANSA;PARTIDO ISOLADO;12;PDT;PARTIDO DEMOCRÁTICO TRABALHISTA;#NULO;#NULO;#NULO;1,90002E+11;PARTIDO ISOLADO;PDT
14/09/2026;RJ;RIO DE JANEIRO;DEPUTADO ESTADUAL;12645;VALDECY NUNES;PARTIDO ISOLADO;12;PDT;PARTIDO DEMOCRÁTICO TRABALHISTA;#NULO;#NULO;#NULO;1,90002E+11;PARTIDO ISOLADO;PDT
14/09/2026;RJ;RIO DE JANEIRO;DEPUTADO ESTADUAL;12500;PROFESSOR MARCÃO;PARTIDO ISOLADO;12;PDT;PARTIDO DEMOCRÁTICO TRABALHISTA;#NULO;#NULO;#NULO;1,90002E+11;PARTIDO ISOLADO;PDT
14/09/2026;RJ;RIO DE JANEIRO;DEPUTADO ESTADUAL;12369;ZE VIEIRA;PARTIDO ISOLADO;12;PDT;PARTIDO DEMOCRÁTICO TRABALHISTA;#NULO;#NULO;#NULO;1,90002E+11;PARTIDO ISOLADO;PDT
14/09/2026;RJ;RIO DE JANEIRO;DEPUTADO ESTADUAL;12022;DR. MAURICIO;PARTIDO ISOLADO;12;PDT;PARTIDO DEMOCRÁTICO TRABALHISTA;#NULO;#NULO;#NULO;1,90002E+11;PARTIDO ISOLADO;PDT
14/09/2026;RJ;RIO DE JANEIRO;DEPUTADO ESTADUAL;12026;JAIME AROXA;PARTIDO ISOLADO;12;PDT;PARTIDO DEMOCRÁTICO TRABALHISTA;#NULO;#NULO;#NULO;1,90002E+11;PARTIDO ISOLADO;PDT
14/09/2026;RJ;RIO DE JANEIRO;DEPUTADO ESTADUAL;40022;JORGINHO DA URUGUAIANA;PARTIDO ISOLADO;40;PSB;PARTIDO SOCIALISTA BRASILEIRO;#NULO;#NULO;#NULO;1,90002E+11;PARTIDO ISOLADO;PSB
14/09/2026;RJ;RIO DE JANEIRO;DEPUTADO ESTADUAL;40007;DR GLÁUCIO TAI CHI;PARTIDO ISOLADO;40;PSB;PARTIDO SOCIALISTA BRASILEIRO;#NULO;#NULO;#NULO;1,90002E+11;PARTIDO ISOLADO;PSB
14/09/2026;RJ;RIO DE JANEIRO;DEPUTADO ESTADUAL;40510;PEBA;PARTIDO ISOLADO;40;PSB;PARTIDO SOCIALISTA BRASILEIRO;#NULO;#NULO;#NULO;1,90002E+11;PARTIDO ISOLADO;PSB
14/09/2026;RJ;RIO DE JANEIRO;DEPUTADO ESTADUAL;40260;VILSON LENNON;PARTIDO ISOLADO;40;PSB;PARTIDO SOCIALISTA BRASILEIRO;#NULO;#NULO;#NULO;1,90002E+11;PARTIDO ISOLADO;PSB
14/09/2026;RJ;RIO DE JANEIRO;DEPUTADO ESTADUAL;40127;SANDRA BORGES;PARTIDO ISOLADO;40;PSB;PARTIDO SOCIALISTA BRASILEIRO;#NULO;#NULO;#NULO;1,90002E+11;PARTIDO ISOLADO;PSB
14/09/2026;RJ;RIO DE JANEIRO;DEPUTADO ESTADUAL;40339;PASTOR LUIZ GOMES;PARTIDO ISOLADO;40;PSB;PARTIDO SOCIALISTA BRASILEIRO;#NULO;#NULO;#NULO;1,90002E+11;PARTIDO ISOLADO;PSB
14/09/2026;RJ;RIO DE JANEIRO;DEPUTADO ESTADUAL;40145;MARCO FIGUEIREDO;PARTIDO ISOLADO;40;PSB;PARTIDO SOCIALISTA BRASILEIRO;#NULO;#NULO;#NULO;1,90002E+11;PARTIDO ISOLADO;PSB
14/09/2026;RJ;RIO DE JANEIRO;DEPUTADO ESTADUAL;40003;MARQUINHOS LIMA;PARTIDO ISOLADO;40;PSB;PARTIDO SOCIALISTA BRASILEIRO;#NULO;#NULO;#NULO;1,90002E+11;PARTIDO ISOLADO;PSB
14/09/2026;RJ;RIO DE JANEIRO;DEPUTADO ESTADUAL;50007;RENATA SOUZA;FEDERAÇÃO;50;PSOL;PARTIDO SOCIALISMO E LIBERDADE;FEDERAÇÃO PSOL REDE;PSOL/REDE;PSOL/REDE;1,90002E+11;FEDERAÇÃO;FEDERAÇÃO PSOL REDE (PSOL / REDE)
14/09/2026;RJ;RIO DE JANEIRO;DEPUTADO ESTADUAL;18369;MONICA BICUDO;FEDERAÇÃO;18;REDE;REDE SUSTENTABILIDADE;FEDERAÇÃO PSOL REDE;PSOL/REDE;PSOL/REDE;1,90002E+11;FEDERAÇÃO;FEDERAÇÃO PSOL REDE (PSOL / REDE)
14/09/2026;RJ;RIO DE JANEIRO;DEPUTADO ESTADUAL;50000;CLARICE CHACON;FEDERAÇÃO;50;PSOL;PARTIDO SOCIALISMO E LIBERDADE;FEDERAÇÃO PSOL REDE;PSOL/REDE;PSOL/REDE;1,90002E+11;FEDERAÇÃO;FEDERAÇÃO PSOL REDE (PSOL / REDE)
14/09/2026;RJ;RIO DE JANEIRO;DEPUTADO ESTADUAL;43123;ANDREIA ZITO;FEDERAÇÃO;43;PV;PARTIDO VERDE;FEDERAÇÃO BRASIL DA ESPERANÇA - FE BRASIL;PT/PC do B/PV;PT/PC do B/PV;1,90002E+11;FEDERAÇÃO;FEDERAÇÃO BRASIL DA ESPERANÇA - FE BRASIL (PT / PC do B / PV)
14/09/2026;RJ;RIO DE JANEIRO;DEPUTADO ESTADUAL;13008;NEUSA GUARANI;FEDERAÇÃO;13;PT;PARTIDO DOS TRABALHADORES;FEDERAÇÃO BRASIL DA ESPERANÇA - FE BRASIL;PT/PC do B/PV;PT/PC do B/PV;1,90002E+11;FEDERAÇÃO;FEDERAÇÃO BRASIL DA ESPERANÇA - FE BRASIL (PT / PC do B / PV)
14/09/2026;RJ;RIO DE JANEIRO;DEPUTADO ESTADUAL;13611;EDUARDO ACOSTA;FEDERAÇÃO;13;PT;PARTIDO DOS TRABALHADORES;FEDERAÇÃO BRASIL DA ESPERANÇA - FE BRASIL;PT/PC do B/PV;PT/PC do B/PV;1,90002E+11;FEDERAÇÃO;FEDERAÇÃO BRASIL DA ESPERANÇA - FE BRASIL (PT / PC do B / PV)
14/09/2026;RJ;RIO DE JANEIRO;DEPUTADO ESTADUAL;65021;MÁRCIO FILHO;FEDERAÇÃO;65;PCDOB;PARTIDO COMUNISTA DO BRASIL;FEDERAÇÃO BRASIL DA ESPERANÇA - FE BRASIL;PT/PC do B/PV;PT/PC do B/PV;1,90002E+11;FEDERAÇÃO;FEDERAÇÃO BRASIL DA ESPERANÇA - FE BRASIL (PT / PC do B / PV)
14/09/2026;RJ;RIO DE JANEIRO;DEPUTADO ESTADUAL;13620;ADILSON PIRES;FEDERAÇÃO;13;PT;PARTIDO DOS TRABALHADORES;FEDERAÇÃO BRASIL DA ESPERANÇA - FE BRASIL;PT/PC do B/PV;PT/PC do B/PV;1,90002E+11;FEDERAÇÃO;FEDERAÇÃO BRASIL DA ESPERANÇA - FE BRASIL (PT / PC do B / PV)
14/09/2026;RJ;RIO DE JANEIRO;DEPUTADO ESTADUAL;13400;THAYSA VENTURA;FEDERAÇÃO;13;PT;PARTIDO DOS TRABALHADORES;FEDERAÇÃO BRASIL DA ESPERANÇA - FE BRASIL;PT/PC do B/PV;PT/PC do B/PV;1,90002E+11;FEDERAÇÃO;FEDERAÇÃO BRASIL DA ESPERANÇA - FE BRASIL (PT / PC do B / PV)
14/09/2026;RJ;RIO DE JANEIRO;DEPUTADO ESTADUAL;43000;CÉSAR;FEDERAÇÃO;43;PV;PARTIDO VERDE;FEDERAÇÃO BRASIL DA ESPERANÇA - FE BRASIL;PT/PC do B/PV;PT/PC do B/PV;1,90002E+11;FEDERAÇÃO;FEDERAÇÃO BRASIL DA ESPERANÇA - FE BRASIL (PT / PC do B / PV)
14/09/2026;RJ;RIO DE JANEIRO;DEPUTADO ESTADUAL;12211;PEDRO MENDES;PARTIDO ISOLADO;12;PDT;PARTIDO DEMOCRÁTICO TRABALHISTA;#NULO;#NULO;#NULO;1,90002E+11;PARTIDO ISOLADO;PDT
14/09/2026;RJ;RIO DE JANEIRO;DEPUTADO ESTADUAL;12099;FABIO FEIJÓ;PARTIDO ISOLADO;12;PDT;PARTIDO DEMOCRÁTICO TRABALHISTA;#NULO;#NULO;#NULO;1,90002E+11;PARTIDO ISOLADO;PDT
14/09/2026;RJ;RIO DE JANEIRO;DEPUTADO ESTADUAL;12033;ALCYR BARÃO;PARTIDO ISOLADO;12;PDT;PARTIDO DEMOCRÁTICO TRABALHISTA;#NULO;#NULO;#NULO;1,90002E+11;PARTIDO ISOLADO;PDT
14/09/2026;RJ;RIO DE JANEIRO;DEPUTADO ESTADUAL;12333;NALDO DA SAUDE;PARTIDO ISOLADO;12;PDT;PARTIDO DEMOCRÁTICO TRABALHISTA;#NULO;#NULO;#NULO;1,90002E+11;PARTIDO ISOLADO;PDT
14/09/2026;RJ;RIO DE JANEIRO;DEPUTADO ESTADUAL;12423;ANDREA RIBEIRO;PARTIDO ISOLADO;12;PDT;PARTIDO DEMOCRÁTICO TRABALHISTA;#NULO;#NULO;#NULO;1,90002E+11;PARTIDO ISOLADO;PDT
14/09/2026;RJ;RIO DE JANEIRO;DEPUTADO ESTADUAL;12030;LUIZINHO EVANGELISTA;PARTIDO ISOLADO;12;PDT;PARTIDO DEMOCRÁTICO TRABALHISTA;#NULO;#NULO;#NULO;1,90002E+11;PARTIDO ISOLADO;PDT
14/09/2026;RJ;RIO DE JANEIRO;DEPUTADO ESTADUAL;12346;EDSON RIBEIRO PITIMBU;PARTIDO ISOLADO;12;PDT;PARTIDO DEMOCRÁTICO TRABALHISTA;#NULO;#NULO;#NULO;1,90002E+11;PARTIDO ISOLADO;PDT
14/09/2026;RJ;RIO DE JANEIRO;DEPUTADO ESTADUAL;12011;BISPO REIS DA SAÚDE;PARTIDO ISOLADO;12;PDT;PARTIDO DEMOCRÁTICO TRABALHISTA;#NULO;#NULO;#NULO;1,90002E+11;PARTIDO ISOLADO;PDT
14/09/2026;RJ;RIO DE JANEIRO;DEPUTADO ESTADUAL;12444;WILLIAM BARCELLOS;PARTIDO ISOLADO;12;PDT;PARTIDO DEMOCRÁTICO TRABALHISTA;#NULO;#NULO;#NULO;1,90002E+11;PARTIDO ISOLADO;PDT
14/09/2026;RJ;RIO DE JANEIRO;DEPUTADO ESTADUAL;12312;CLOVINHO SEMPRE JUNTO;PARTIDO ISOLADO;12;PDT;PARTIDO DEMOCRÁTICO TRABALHISTA;#NULO;#NULO;#NULO;1,90002E+11;PARTIDO ISOLADO;PDT
14/09/2026;RJ;RIO DE JANEIRO;DEPUTADO ESTADUAL;40002;JEAN MORAES;PARTIDO ISOLADO;40;PSB;PARTIDO SOCIALISTA BRASILEIRO;#NULO;#NULO;#NULO;1,90002E+11;PARTIDO ISOLADO;PSB
14/09/2026;RJ;RIO DE JANEIRO;DEPUTADO ESTADUAL;40751;LÉLIO;PARTIDO ISOLADO;40;PSB;PARTIDO SOCIALISTA BRASILEIRO;#NULO;#NULO;#NULO;1,90002E+11;PARTIDO ISOLADO;PSB
14/09/2026;RJ;RIO DE JANEIRO;DEPUTADO ESTADUAL;40100;JARI;PARTIDO ISOLADO;40;PSB;PARTIDO SOCIALISTA BRASILEIRO;#NULO;#NULO;#NULO;1,90002E+11;PARTIDO ISOLADO;PSB
14/09/2026;RJ;RIO DE JANEIRO;DEPUTADO ESTADUAL;40654;PASTOR CARLOS SILVA;PARTIDO ISOLADO;40;PSB;PARTIDO SOCIALISTA BRASILEIRO;#NULO;#NULO;#NULO;1,90002E+11;PARTIDO ISOLADO;PSB
14/09/2026;RJ;RIO DE JANEIRO;DEPUTADO ESTADUAL;40335;MOLINA;PARTIDO ISOLADO;40;PSB;PARTIDO SOCIALISTA BRASILEIRO;#NULO;#NULO;#NULO;1,90002E+11;PARTIDO ISOLADO;PSB
14/09/2026;RJ;RIO DE JANEIRO;DEPUTADO ESTADUAL;40369;DR GILMAR SANTOS;PARTIDO ISOLADO;40;PSB;PARTIDO SOCIALISTA BRASILEIRO;#NULO;#NULO;#NULO;1,90002E+11;PARTIDO ISOLADO;PSB
14/09/2026;RJ;RIO DE JANEIRO;DEPUTADO ESTADUAL;40153;DR HAROLDO BUNN;PARTIDO ISOLADO;40;PSB;PARTIDO SOCIALISTA BRASILEIRO;#NULO;#NULO;#NULO;1,90002E+11;PARTIDO ISOLADO;PSB
14/09/2026;RJ;RIO DE JANEIRO;DEPUTADO ESTADUAL;40444;WALACE PRESIDENTE;PARTIDO ISOLADO;40;PSB;PARTIDO SOCIALISTA BRASILEIRO;#NULO;#NULO;#NULO;1,90002E+11;PARTIDO ISOLADO;PSB
14/09/2026;RJ;RIO DE JANEIRO;DEPUTADO ESTADUAL;40020;NILTINHO;PARTIDO ISOLADO;40;PSB;PARTIDO SOCIALISTA BRASILEIRO;#NULO;#NULO;#NULO;1,90002E+11;PARTIDO ISOLADO;PSB
14/09/2026;RJ;RIO DE JANEIRO;DEPUTADO ESTADUAL;40846;TIA VAL;PARTIDO ISOLADO;40;PSB;PARTIDO SOCIALISTA BRASILEIRO;#NULO;#NULO;#NULO;1,90002E+11;PARTIDO ISOLADO;PSB
14/09/2026;RJ;RIO DE JANEIRO;DEPUTADO ESTADUAL;23222;ANDRÉ MARTINS;FEDERAÇÃO;23;CIDADANIA;CIDADANIA;FEDERAÇÃO PSDB CIDADANIA;PSDB/CIDADANIA;PSDB/CIDADANIA;1,90002E+11;FEDERAÇÃO;FEDERAÇÃO PSDB CIDADANIA (PSDB / CIDADANIA)
14/09/2026;RJ;RIO DE JANEIRO;DEPUTADO ESTADUAL;23980;AGUEDA MOURA;FEDERAÇÃO;23;CIDADANIA;CIDADANIA;FEDERAÇÃO PSDB CIDADANIA;PSDB/CIDADANIA;PSDB/CIDADANIA;1,90002E+11;FEDERAÇÃO;FEDERAÇÃO PSDB CIDADANIA (PSDB / CIDADANIA)
14/09/2026;RJ;RIO DE JANEIRO;DEPUTADO ESTADUAL;50555;MARCUS LOPES;FEDERAÇÃO;50;PSOL;PARTIDO SOCIALISMO E LIBERDADE;FEDERAÇÃO PSOL REDE;PSOL/REDE;PSOL/REDE;1,90002E+11;FEDERAÇÃO;FEDERAÇÃO PSOL REDE (PSOL / REDE)
14/09/2026;RJ;RIO DE JANEIRO;DEPUTADO ESTADUAL;80456;DULCE;PARTIDO ISOLADO;80;UP;UNIDADE POPULAR;#NULO;#NULO;#NULO;1,90002E+11;PARTIDO ISOLADO;UP
14/09/2026;RJ;RIO DE JANEIRO;DEPUTADO ESTADUAL;80000;HENDERSON;PARTIDO ISOLADO;80;UP;UNIDADE POPULAR;#NULO;#NULO;#NULO;1,90002E+11;PARTIDO ISOLADO;UP
14/09/2026;RJ;RIO DE JANEIRO;DEPUTADO ESTADUAL;50800;ALEXANDRE VR ABANDONADA;FEDERAÇÃO;50;PSOL;PARTIDO SOCIALISMO E LIBERDADE;FEDERAÇÃO PSOL REDE;PSOL/REDE;PSOL/REDE;1,90002E+11;FEDERAÇÃO;FEDERAÇÃO PSOL REDE (PSOL / REDE)
14/09/2026;RJ;RIO DE JANEIRO;DEPUTADO ESTADUAL;18188;TEREZA ARAPIUM;FEDERAÇÃO;18;REDE;REDE SUSTENTABILIDADE;FEDERAÇÃO PSOL REDE;PSOL/REDE;PSOL/REDE;1,90002E+11;FEDERAÇÃO;FEDERAÇÃO PSOL REDE (PSOL / REDE)
14/09/2026;RJ;RIO DE JANEIRO;DEPUTADO ESTADUAL;18234;MÃE MARIA DE XANGÔ;FEDERAÇÃO;18;REDE;REDE SUSTENTABILIDADE;FEDERAÇÃO PSOL REDE;PSOL/REDE;PSOL/REDE;1,90002E+11;FEDERAÇÃO;FEDERAÇÃO PSOL REDE (PSOL / REDE)
14/09/2026;RJ;RIO DE JANEIRO;DEPUTADO ESTADUAL;13681;WILLIAM MACEDO;FEDERAÇÃO;13;PT;PARTIDO DOS TRABALHADORES;FEDERAÇÃO BRASIL DA ESPERANÇA - FE BRASIL;PT/PC do B/PV;PT/PC do B/PV;1,90002E+11;FEDERAÇÃO;FEDERAÇÃO BRASIL DA ESPERANÇA - FE BRASIL (PT / PC do B / PV)
14/09/2026;RJ;RIO DE JANEIRO;DEPUTADO ESTADUAL;13007;ROSE CIPRIANO;FEDERAÇÃO;13;PT;PARTIDO DOS TRABALHADORES;FEDERAÇÃO BRASIL DA ESPERANÇA - FE BRASIL;PT/PC do B/PV;PT/PC do B/PV;1,90002E+11;FEDERAÇÃO;FEDERAÇÃO BRASIL DA ESPERANÇA - FE BRASIL (PT / PC do B / PV)
14/09/2026;RJ;RIO DE JANEIRO;DEPUTADO ESTADUAL;13677;GRAÇA DO PT;FEDERAÇÃO;13;PT;PARTIDO DOS TRABALHADORES;FEDERAÇÃO BRASIL DA ESPERANÇA - FE BRASIL;PT/PC do B/PV;PT/PC do B/PV;1,90002E+11;FEDERAÇÃO;FEDERAÇÃO BRASIL DA ESPERANÇA - FE BRASIL (PT / PC do B / PV)
14/09/2026;RJ;RIO DE JANEIRO;DEPUTADO ESTADUAL;13456;TUNINHO DA PADARIA;FEDERAÇÃO;13;PT;PARTIDO DOS TRABALHADORES;FEDERAÇÃO BRASIL DA ESPERANÇA - FE BRASIL;PT/PC do B/PV;PT/PC do B/PV;1,90002E+11;FEDERAÇÃO;FEDERAÇÃO BRASIL DA ESPERANÇA - FE BRASIL (PT / PC do B / PV)
14/09/2026;RJ;RIO DE JANEIRO;DEPUTADO ESTADUAL;13193;ZÉ ALEXANDRE;FEDERAÇÃO;13;PT;PARTIDO DOS TRABALHADORES;FEDERAÇÃO BRASIL DA ESPERANÇA - FE BRASIL;PT/PC do B/PV;PT/PC do B/PV;1,90002E+11;FEDERAÇÃO;FEDERAÇÃO BRASIL DA ESPERANÇA - FE BRASIL (PT / PC do B / PV)
14/09/2026;RJ;RIO DE JANEIRO;DEPUTADO ESTADUAL;13131;KATIA MACILLO;FEDERAÇÃO;13;PT;PARTIDO DOS TRABALHADORES;FEDERAÇÃO BRASIL DA ESPERANÇA - FE BRASIL;PT/PC do B/PV;PT/PC do B/PV;1,90002E+11;FEDERAÇÃO;FEDERAÇÃO BRASIL DA ESPERANÇA - FE BRASIL (PT / PC do B / PV)
14/09/2026;RJ;RIO DE JANEIRO;DEPUTADO ESTADUAL;12712;JORGE KATARINA;PARTIDO ISOLADO;12;PDT;PARTIDO DEMOCRÁTICO TRABALHISTA;#NULO;#NULO;#NULO;1,90002E+11;PARTIDO ISOLADO;PDT
14/09/2026;RJ;RIO DE JANEIRO;DEPUTADO ESTADUAL;12600;VLAD BIGODE;PARTIDO ISOLADO;12;PDT;PARTIDO DEMOCRÁTICO TRABALHISTA;#NULO;#NULO;#NULO;1,90002E+11;PARTIDO ISOLADO;PDT
14/09/2026;RJ;RIO DE JANEIRO;DEPUTADO ESTADUAL;12179;ANNA CRISTINA PINHEIRO;PARTIDO ISOLADO;12;PDT;PARTIDO DEMOCRÁTICO TRABALHISTA;#NULO;#NULO;#NULO;1,90002E+11;PARTIDO ISOLADO;PDT
14/09/2026;RJ;RIO DE JANEIRO;DEPUTADO ESTADUAL;12222;JUNIOR UIOS;PARTIDO ISOLADO;12;PDT;PARTIDO DEMOCRÁTICO TRABALHISTA;#NULO;#NULO;#NULO;1,90002E+11;PARTIDO ISOLADO;PDT
14/09/2026;RJ;RIO DE JANEIRO;DEPUTADO ESTADUAL;12180;SUSY;PARTIDO ISOLADO;12;PDT;PARTIDO DEMOCRÁTICO TRABALHISTA;#NULO;#NULO;#NULO;1,90002E+11;PARTIDO ISOLADO;PDT
14/09/2026;RJ;RIO DE JANEIRO;DEPUTADO ESTADUAL;12322;ROBERTA BOMBOM;PARTIDO ISOLADO;12;PDT;PARTIDO DEMOCRÁTICO TRABALHISTA;#NULO;#NULO;#NULO;1,90002E+11;PARTIDO ISOLADO;PDT
14/09/2026;RJ;RIO DE JANEIRO;DEPUTADO ESTADUAL;12001;LÉO MAGALHÃES;PARTIDO ISOLADO;12;PDT;PARTIDO DEMOCRÁTICO TRABALHISTA;#NULO;#NULO;#NULO;1,90002E+11;PARTIDO ISOLADO;PDT
14/09/2026;RJ;RIO DE JANEIRO;DEPUTADO ESTADUAL;12190;HELÔ CORDEIRO;PARTIDO ISOLADO;12;PDT;PARTIDO DEMOCRÁTICO TRABALHISTA;#NULO;#NULO;#NULO;1,90002E+11;PARTIDO ISOLADO;PDT
14/09/2026;RJ;RIO DE JANEIRO;DEPUTADO ESTADUAL;40809;LEVI ALVES;PARTIDO ISOLADO;40;PSB;PARTIDO SOCIALISTA BRASILEIRO;#NULO;#NULO;#NULO;1,90002E+11;PARTIDO ISOLADO;PSB
14/09/2026;RJ;RIO DE JANEIRO;DEPUTADO ESTADUAL;40440;ROSINHA;PARTIDO ISOLADO;40;PSB;PARTIDO SOCIALISTA BRASILEIRO;#NULO;#NULO;#NULO;1,90002E+11;PARTIDO ISOLADO;PSB
14/09/2026;RJ;RIO DE JANEIRO;DEPUTADO ESTADUAL;40567;DRA MARIANA MORAES;PARTIDO ISOLADO;40;PSB;PARTIDO SOCIALISTA BRASILEIRO;#NULO;#NULO;#NULO;1,90002E+11;PARTIDO ISOLADO;PSB
14/09/2026;RJ;RIO DE JANEIRO;DEPUTADO ESTADUAL;40010;MARCELO FRITZ;PARTIDO ISOLADO;40;PSB;PARTIDO SOCIALISTA BRASILEIRO;#NULO;#NULO;#NULO;1,90002E+11;PARTIDO ISOLADO;PSB
14/09/2026;RJ;RIO DE JANEIRO;DEPUTADO ESTADUAL;40707;JUNIOR MOTOTÁXI;PARTIDO ISOLADO;40;PSB;PARTIDO SOCIALISTA BRASILEIRO;#NULO;#NULO;#NULO;1,90002E+11;PARTIDO ISOLADO;PSB
14/09/2026;RJ;RIO DE JANEIRO;DEPUTADO ESTADUAL;40111;EZAQUIEL SIQUEIRA;PARTIDO ISOLADO;40;PSB;PARTIDO SOCIALISTA BRASILEIRO;#NULO;#NULO;#NULO;1,90002E+11;PARTIDO ISOLADO;PSB
14/09/2026;RJ;RIO DE JANEIRO;DEPUTADO ESTADUAL;40021;PAULO HORN;PARTIDO ISOLADO;40;PSB;PARTIDO SOCIALISTA BRASILEIRO;#NULO;#NULO;#NULO;1,90002E+11;PARTIDO ISOLADO;PSB
14/09/2026;RJ;RIO DE JANEIRO;DEPUTADO ESTADUAL;40209;ALEXXA;PARTIDO ISOLADO;40;PSB;PARTIDO SOCIALISTA BRASILEIRO;#NULO;#NULO;#NULO;1,90002E+11;PARTIDO ISOLADO;PSB
14/09/2026;RJ;RIO DE JANEIRO;DEPUTADO ESTADUAL;40611;FABÍOLA DO BALNEÁRIO;PARTIDO ISOLADO;40;PSB;PARTIDO SOCIALISTA BRASILEIRO;#NULO;#NULO;#NULO;1,90002E+11;PARTIDO ISOLADO;PSB
14/09/2026;RJ;RIO DE JANEIRO;DEPUTADO ESTADUAL;23018;SGT CALVETE;FEDERAÇÃO;23;CIDADANIA;CIDADANIA;FEDERAÇÃO PSDB CIDADANIA;PSDB/CIDADANIA;PSDB/CIDADANIA;1,90002E+11;FEDERAÇÃO;FEDERAÇÃO PSDB CIDADANIA (PSDB / CIDADANIA)
14/09/2026;RJ;RIO DE JANEIRO;DEPUTADO ESTADUAL;50077;MONICA CUNHA;FEDERAÇÃO;50;PSOL;PARTIDO SOCIALISMO E LIBERDADE;FEDERAÇÃO PSOL REDE;PSOL/REDE;PSOL/REDE;1,90002E+11;FEDERAÇÃO;FEDERAÇÃO PSOL REDE (PSOL / REDE)
14/09/2026;RJ;RIO DE JANEIRO;DEPUTADO ESTADUAL;43333;PROFESSORA TÂNIA MARA;FEDERAÇÃO;43;PV;PARTIDO VERDE;FEDERAÇÃO BRASIL DA ESPERANÇA - FE BRASIL;PT/PC do B/PV;PT/PC do B/PV;1,90002E+11;FEDERAÇÃO;FEDERAÇÃO BRASIL DA ESPERANÇA - FE BRASIL (PT / PC do B / PV)
14/09/2026;RJ;RIO DE JANEIRO;DEPUTADO ESTADUAL;13967;PR. HUDSON M;FEDERAÇÃO;13;PT;PARTIDO DOS TRABALHADORES;FEDERAÇÃO BRASIL DA ESPERANÇA - FE BRASIL;PT/PC do B/PV;PT/PC do B/PV;1,90002E+11;FEDERAÇÃO;FEDERAÇÃO BRASIL DA ESPERANÇA - FE BRASIL (PT / PC do B / PV)
14/09/2026;RJ;RIO DE JANEIRO;DEPUTADO ESTADUAL;43400;BRUNO VACA;FEDERAÇÃO;43;PV;PARTIDO VERDE;FEDERAÇÃO BRASIL DA ESPERANÇA - FE BRASIL;PT/PC do B/PV;PT/PC do B/PV;1,90002E+11;FEDERAÇÃO;FEDERAÇÃO BRASIL DA ESPERANÇA - FE BRASIL (PT / PC do B / PV)
14/09/2026;RJ;RIO DE JANEIRO;DEPUTADO ESTADUAL;43334;FELIPE ALVES;FEDERAÇÃO;43;PV;PARTIDO VERDE;FEDERAÇÃO BRASIL DA ESPERANÇA - FE BRASIL;PT/PC do B/PV;PT/PC do B/PV;1,90002E+11;FEDERAÇÃO;FEDERAÇÃO BRASIL DA ESPERANÇA - FE BRASIL (PT / PC do B / PV)
14/09/2026;RJ;RIO DE JANEIRO;DEPUTADO ESTADUAL;13913;NEY SOARES;FEDERAÇÃO;13;PT;PARTIDO DOS TRABALHADORES;FEDERAÇÃO BRASIL DA ESPERANÇA - FE BRASIL;PT/PC do B/PV;PT/PC do B/PV;1,90002E+11;FEDERAÇÃO;FEDERAÇÃO BRASIL DA ESPERANÇA - FE BRASIL (PT / PC do B / PV)
14/09/2026;RJ;RIO DE JANEIRO;DEPUTADO ESTADUAL;13113;JOÃO PANAYOTIS DAMATIS;FEDERAÇÃO;13;PT;PARTIDO DOS TRABALHADORES;FEDERAÇÃO BRASIL DA ESPERANÇA - FE BRASIL;PT/PC do B/PV;PT/PC do B/PV;1,90002E+11;FEDERAÇÃO;FEDERAÇÃO BRASIL DA ESPERANÇA - FE BRASIL (PT / PC do B / PV)
14/09/2026;RJ;RIO DE JANEIRO;DEPUTADO ESTADUAL;65123;DANI BALBI;FEDERAÇÃO;65;PCDOB;PARTIDO COMUNISTA DO BRASIL;FEDERAÇÃO BRASIL DA ESPERANÇA - FE BRASIL;PT/PC do B/PV;PT/PC do B/PV;1,90002E+11;FEDERAÇÃO;FEDERAÇÃO BRASIL DA ESPERANÇA - FE BRASIL (PT / PC do B / PV)
14/09/2026;RJ;RIO DE JANEIRO;DEPUTADO ESTADUAL;13813;EDNA CALHEIROS MANDATOCOLETIVO;FEDERAÇÃO;13;PT;PARTIDO DOS TRABALHADORES;FEDERAÇÃO BRASIL DA ESPERANÇA - FE BRASIL;PT/PC do B/PV;PT/PC do B/PV;1,90002E+11;FEDERAÇÃO;FEDERAÇÃO BRASIL DA ESPERANÇA - FE BRASIL (PT / PC do B / PV)
14/09/2026;RJ;RIO DE JANEIRO;DEPUTADO ESTADUAL;13040;LÉO FRANÇA;FEDERAÇÃO;13;PT;PARTIDO DOS TRABALHADORES;FEDERAÇÃO BRASIL DA ESPERANÇA - FE BRASIL;PT/PC do B/PV;PT/PC do B/PV;1,90002E+11;FEDERAÇÃO;FEDERAÇÃO BRASIL DA ESPERANÇA - FE BRASIL (PT / PC do B / PV)
14/09/2026;RJ;RIO DE JANEIRO;DEPUTADO ESTADUAL;12678;BADI;PARTIDO ISOLADO;12;PDT;PARTIDO DEMOCRÁTICO TRABALHISTA;#NULO;#NULO;#NULO;1,90002E+11;PARTIDO ISOLADO;PDT
14/09/2026;RJ;RIO DE JANEIRO;DEPUTADO ESTADUAL;12051;CHUPA CABRA;PARTIDO ISOLADO;12;PDT;PARTIDO DEMOCRÁTICO TRABALHISTA;#NULO;#NULO;#NULO;1,90002E+11;PARTIDO ISOLADO;PDT
14/09/2026;RJ;RIO DE JANEIRO;DEPUTADO ESTADUAL;12010;VIVI RODRIGUES;PARTIDO ISOLADO;12;PDT;PARTIDO DEMOCRÁTICO TRABALHISTA;#NULO;#NULO;#NULO;1,90002E+11;PARTIDO ISOLADO;PDT
14/09/2026;RJ;RIO DE JANEIRO;DEPUTADO ESTADUAL;12620;HELANIO DE RESENDE;PARTIDO ISOLADO;12;PDT;PARTIDO DEMOCRÁTICO TRABALHISTA;#NULO;#NULO;#NULO;1,90002E+11;PARTIDO ISOLADO;PDT
14/09/2026;RJ;RIO DE JANEIRO;DEPUTADO ESTADUAL;12514;ABIGUAR;PARTIDO ISOLADO;12;PDT;PARTIDO DEMOCRÁTICO TRABALHISTA;#NULO;#NULO;#NULO;1,90002E+11;PARTIDO ISOLADO;PDT
14/09/2026;RJ;RIO DE JANEIRO;DEPUTADO ESTADUAL;12088;SONIA APARECIDA;PARTIDO ISOLADO;12;PDT;PARTIDO DEMOCRÁTICO TRABALHISTA;#NULO;#NULO;#NULO;1,90002E+11;PARTIDO ISOLADO;PDT
14/09/2026;RJ;RIO DE JANEIRO;DEPUTADO ESTADUAL;12123;SERGINHO;PARTIDO ISOLADO;12;PDT;PARTIDO DEMOCRÁTICO TRABALHISTA;#NULO;#NULO;#NULO;1,90002E+11;PARTIDO ISOLADO;PDT
14/09/2026;RJ;RIO DE JANEIRO;DEPUTADO ESTADUAL;12007;BRANCA SANTOS;PARTIDO ISOLADO;12;PDT;PARTIDO DEMOCRÁTICO TRABALHISTA;#NULO;#NULO;#NULO;1,90002E+11;PARTIDO ISOLADO;PDT
14/09/2026;RJ;RIO DE JANEIRO;DEPUTADO ESTADUAL;12666;FELIPE SANGINETO;PARTIDO ISOLADO;12;PDT;PARTIDO DEMOCRÁTICO TRABALHISTA;#NULO;#NULO;#NULO;1,90002E+11;PARTIDO ISOLADO;PDT
14/09/2026;RJ;RIO DE JANEIRO;DEPUTADO ESTADUAL;12077;MÃE ODÉLEWÁ;PARTIDO ISOLADO;12;PDT;PARTIDO DEMOCRÁTICO TRABALHISTA;#NULO;#NULO;#NULO;1,90002E+11;PARTIDO ISOLADO;PDT
14/09/2026;RJ;RIO DE JANEIRO;DEPUTADO ESTADUAL;12120;RODRIGO DA APOSENTADORIA;PARTIDO ISOLADO;12;PDT;PARTIDO DEMOCRÁTICO TRABALHISTA;#NULO;#NULO;#NULO;1,90002E+11;PARTIDO ISOLADO;PDT
14/09/2026;RJ;RIO DE JANEIRO;DEPUTADO ESTADUAL;40008;MARCINHA DO POVO;PARTIDO ISOLADO;40;PSB;PARTIDO SOCIALISTA BRASILEIRO;#NULO;#NULO;#NULO;1,90002E+11;PARTIDO ISOLADO;PSB
14/09/2026;RJ;RIO DE JANEIRO;DEPUTADO ESTADUAL;40140;EVANDRO BRASIL;PARTIDO ISOLADO;40;PSB;PARTIDO SOCIALISTA BRASILEIRO;#NULO;#NULO;#NULO;1,90002E+11;PARTIDO ISOLADO;PSB
14/09/2026;RJ;RIO DE JANEIRO;DEPUTADO ESTADUAL;40797;IYALORISA JANAINA;PARTIDO ISOLADO;40;PSB;PARTIDO SOCIALISTA BRASILEIRO;#NULO;#NULO;#NULO;1,90002E+11;PARTIDO ISOLADO;PSB
14/09/2026;RJ;RIO DE JANEIRO;DEPUTADO ESTADUAL;40001;ANDRÉ SALVADOR;PARTIDO ISOLADO;40;PSB;PARTIDO SOCIALISTA BRASILEIRO;#NULO;#NULO;#NULO;1,90002E+11;PARTIDO ISOLADO;PSB
14/09/2026;RJ;RIO DE JANEIRO;DEPUTADO ESTADUAL;40040;DR SÉRGIO;PARTIDO ISOLADO;40;PSB;PARTIDO SOCIALISTA BRASILEIRO;#NULO;#NULO;#NULO;1,90002E+11;PARTIDO ISOLADO;PSB
14/09/2026;RJ;RIO DE JANEIRO;DEPUTADO ESTADUAL;40903;MICHELLE ALMEIDA;PARTIDO ISOLADO;40;PSB;PARTIDO SOCIALISTA BRASILEIRO;#NULO;#NULO;#NULO;1,90002E+11;PARTIDO ISOLADO;PSB
14/09/2026;RJ;RIO DE JANEIRO;DEPUTADO ESTADUAL;40450;DEISE FRANKLIN;PARTIDO ISOLADO;40;PSB;PARTIDO SOCIALISTA BRASILEIRO;#NULO;#NULO;#NULO;1,90002E+11;PARTIDO ISOLADO;PSB
14/09/2026;RJ;RIO DE JANEIRO;DEPUTADO ESTADUAL;40456;LILI SOLDADORA;PARTIDO ISOLADO;40;PSB;PARTIDO SOCIALISTA BRASILEIRO;#NULO;#NULO;#NULO;1,90002E+11;PARTIDO ISOLADO;PSB
14/09/2026;RJ;RIO DE JANEIRO;DEPUTADO ESTADUAL;40852;BATATINHA;PARTIDO ISOLADO;40;PSB;PARTIDO SOCIALISTA BRASILEIRO;#NULO;#NULO;#NULO;1,90002E+11;PARTIDO ISOLADO;PSB
14/09/2026;RJ;RIO DE JANEIRO;DEPUTADO ESTADUAL;23765;D GLÓRIA;FEDERAÇÃO;23;CIDADANIA;CIDADANIA;FEDERAÇÃO PSDB CIDADANIA;PSDB/CIDADANIA;PSDB/CIDADANIA;1,90002E+11;FEDERAÇÃO;FEDERAÇÃO PSDB CIDADANIA (PSDB / CIDADANIA)
14/09/2026;RJ;RIO DE JANEIRO;DEPUTADO ESTADUAL;23454;SARGENTO GUSTAVO;FEDERAÇÃO;23;CIDADANIA;CIDADANIA;FEDERAÇÃO PSDB CIDADANIA;PSDB/CIDADANIA;PSDB/CIDADANIA;1,90002E+11;FEDERAÇÃO;FEDERAÇÃO PSDB CIDADANIA (PSDB / CIDADANIA)
14/09/2026;RJ;RIO DE JANEIRO;DEPUTADO ESTADUAL;18013;ALVARO TRAVASSOS;FEDERAÇÃO;18;REDE;REDE SUSTENTABILIDADE;FEDERAÇÃO PSOL REDE;PSOL/REDE;PSOL/REDE;1,90002E+11;FEDERAÇÃO;FEDERAÇÃO PSOL REDE (PSOL / REDE)
14/09/2026;RJ;RIO DE JANEIRO;DEPUTADO ESTADUAL;50180;LUCIANA BOITEUX;FEDERAÇÃO;50;PSOL;PARTIDO SOCIALISMO E LIBERDADE;FEDERAÇÃO PSOL REDE;PSOL/REDE;PSOL/REDE;1,90002E+11;FEDERAÇÃO;FEDERAÇÃO PSOL REDE (PSOL / REDE)
14/09/2026;RJ;RIO DE JANEIRO;DEPUTADO ESTADUAL;18121;JAIME ALBINO VELOSO;FEDERAÇÃO;18;REDE;REDE SUSTENTABILIDADE;FEDERAÇÃO PSOL REDE;PSOL/REDE;PSOL/REDE;1,90002E+11;FEDERAÇÃO;FEDERAÇÃO PSOL REDE (PSOL / REDE)
14/09/2026;RJ;RIO DE JANEIRO;DEPUTADO ESTADUAL;80080;RUAN VIDAL;PARTIDO ISOLADO;80;UP;UNIDADE POPULAR;#NULO;#NULO;#NULO;1,90002E+11;PARTIDO ISOLADO;UP
14/09/2026;RJ;RIO DE JANEIRO;DEPUTADO ESTADUAL;80180;MONIQUE ZUMA;PARTIDO ISOLADO;80;UP;UNIDADE POPULAR;#NULO;#NULO;#NULO;1,90002E+11;PARTIDO ISOLADO;UP
14/09/2026;RJ;RIO DE JANEIRO;DEPUTADO ESTADUAL;50700;YURI MOURA;FEDERAÇÃO;50;PSOL;PARTIDO SOCIALISMO E LIBERDADE;FEDERAÇÃO PSOL REDE;PSOL/REDE;PSOL/REDE;1,90002E+11;FEDERAÇÃO;FEDERAÇÃO PSOL REDE (PSOL / REDE)
14/09/2026;RJ;RIO DE JANEIRO;DEPUTADO ESTADUAL;50010;FABÍOLA RODRIGUES;FEDERAÇÃO;50;PSOL;PARTIDO SOCIALISMO E LIBERDADE;FEDERAÇÃO PSOL REDE;PSOL/REDE;PSOL/REDE;1,90002E+11;FEDERAÇÃO;FEDERAÇÃO PSOL REDE (PSOL / REDE)
14/09/2026;RJ;RIO DE JANEIRO;DEPUTADO ESTADUAL;50500;PROF. JOSEMAR;FEDERAÇÃO;50;PSOL;PARTIDO SOCIALISMO E LIBERDADE;FEDERAÇÃO PSOL REDE;PSOL/REDE;PSOL/REDE;1,90002E+11;FEDERAÇÃO;FEDERAÇÃO PSOL REDE (PSOL / REDE)
14/09/2026;RJ;RIO DE JANEIRO;DEPUTADO ESTADUAL;18000;ELIOMAR COELHO;FEDERAÇÃO;18;REDE;REDE SUSTENTABILIDADE;FEDERAÇÃO PSOL REDE;PSOL/REDE;PSOL/REDE;1,90002E+11;FEDERAÇÃO;FEDERAÇÃO PSOL REDE (PSOL / REDE)
14/09/2026;RJ;RIO DE JANEIRO;DEPUTADO ESTADUAL;13513;BERRIEL;FEDERAÇÃO;13;PT;PARTIDO DOS TRABALHADORES;FEDERAÇÃO BRASIL DA ESPERANÇA - FE BRASIL;PT/PC do B/PV;PT/PC do B/PV;1,90002E+11;FEDERAÇÃO;FEDERAÇÃO BRASIL DA ESPERANÇA - FE BRASIL (PT / PC do B / PV)
14/09/2026;RJ;RIO DE JANEIRO;DEPUTADO ESTADUAL;43621;PAULINHA SILVA;FEDERAÇÃO;43;PV;PARTIDO VERDE;FEDERAÇÃO BRASIL DA ESPERANÇA - FE BRASIL;PT/PC do B/PV;PT/PC do B/PV;1,90002E+11;FEDERAÇÃO;FEDERAÇÃO BRASIL DA ESPERANÇA - FE BRASIL (PT / PC do B / PV)
14/09/2026;RJ;RIO DE JANEIRO;DEPUTADO ESTADUAL;13167;DURVAL PEÇANHA;FEDERAÇÃO;13;PT;PARTIDO DOS TRABALHADORES;FEDERAÇÃO BRASIL DA ESPERANÇA - FE BRASIL;PT/PC do B/PV;PT/PC do B/PV;1,90002E+11;FEDERAÇÃO;FEDERAÇÃO BRASIL DA ESPERANÇA - FE BRASIL (PT / PC do B / PV)
14/09/2026;RJ;RIO DE JANEIRO;DEPUTADO ESTADUAL;13150;ERIVALDO FILHO;FEDERAÇÃO;13;PT;PARTIDO DOS TRABALHADORES;FEDERAÇÃO BRASIL DA ESPERANÇA - FE BRASIL;PT/PC do B/PV;PT/PC do B/PV;1,90002E+11;FEDERAÇÃO;FEDERAÇÃO BRASIL DA ESPERANÇA - FE BRASIL (PT / PC do B / PV)
14/09/2026;RJ;RIO DE JANEIRO;DEPUTADO ESTADUAL;43111;WALLACE O ABENÇOADO;FEDERAÇÃO;43;PV;PARTIDO VERDE;FEDERAÇÃO BRASIL DA ESPERANÇA - FE BRASIL;PT/PC do B/PV;PT/PC do B/PV;1,90002E+11;FEDERAÇÃO;FEDERAÇÃO BRASIL DA ESPERANÇA - FE BRASIL (PT / PC do B / PV)
14/09/2026;RJ;RIO DE JANEIRO;DEPUTADO ESTADUAL;43937;ANDRÉ TAVARES;FEDERAÇÃO;43;PV;PARTIDO VERDE;FEDERAÇÃO BRASIL DA ESPERANÇA - FE BRASIL;PT/PC do B/PV;PT/PC do B/PV;1,90002E+11;FEDERAÇÃO;FEDERAÇÃO BRASIL DA ESPERANÇA - FE BRASIL (PT / PC do B / PV)
14/09/2026;RJ;RIO DE JANEIRO;DEPUTADO ESTADUAL;12137;INDIA;PARTIDO ISOLADO;12;PDT;PARTIDO DEMOCRÁTICO TRABALHISTA;#NULO;#NULO;#NULO;1,90002E+11;PARTIDO ISOLADO;PDT
14/09/2026;RJ;RIO DE JANEIRO;DEPUTADO ESTADUAL;12122;PROFESSORA MARIA HELENA;PARTIDO ISOLADO;12;PDT;PARTIDO DEMOCRÁTICO TRABALHISTA;#NULO;#NULO;#NULO;1,90002E+11;PARTIDO ISOLADO;PDT
14/09/2026;RJ;RIO DE JANEIRO;DEPUTADO ESTADUAL;12000;FERNANDA NEVES;PARTIDO ISOLADO;12;PDT;PARTIDO DEMOCRÁTICO TRABALHISTA;#NULO;#NULO;#NULO;1,90002E+11;PARTIDO ISOLADO;PDT
14/09/2026;RJ;RIO DE JANEIRO;DEPUTADO ESTADUAL;12236;MARILENE DOS SANTOS;PARTIDO ISOLADO;12;PDT;PARTIDO DEMOCRÁTICO TRABALHISTA;#NULO;#NULO;#NULO;1,90002E+11;PARTIDO ISOLADO;PDT
14/09/2026;RJ;RIO DE JANEIRO;DEPUTADO ESTADUAL;12025;JOSIAS MOREIRA O HOMEM DO POVO;PARTIDO ISOLADO;12;PDT;PARTIDO DEMOCRÁTICO TRABALHISTA;#NULO;#NULO;#NULO;1,90002E+11;PARTIDO ISOLADO;PDT
14/09/2026;RJ;RIO DE JANEIRO;DEPUTADO ESTADUAL;12147;LUIZ ALEXANDRE;PARTIDO ISOLADO;12;PDT;PARTIDO DEMOCRÁTICO TRABALHISTA;#NULO;#NULO;#NULO;1,90002E+11;PARTIDO ISOLADO;PDT
14/09/2026;RJ;RIO DE JANEIRO;DEPUTADO ESTADUAL;12345;LEO LUPI;PARTIDO ISOLADO;12;PDT;PARTIDO DEMOCRÁTICO TRABALHISTA;#NULO;#NULO;#NULO;1,90002E+11;PARTIDO ISOLADO;PDT
14/09/2026;RJ;RIO DE JANEIRO;DEPUTADO ESTADUAL;12789;DR RAFAEL BRASIEL;PARTIDO ISOLADO;12;PDT;PARTIDO DEMOCRÁTICO TRABALHISTA;#NULO;#NULO;#NULO;1,90002E+11;PARTIDO ISOLADO;PDT
14/09/2026;RJ;RIO DE JANEIRO;DEPUTADO ESTADUAL;12003;ELAINE OLIVEIRA;PARTIDO ISOLADO;12;PDT;PARTIDO DEMOCRÁTICO TRABALHISTA;#NULO;#NULO;#NULO;1,90002E+11;PARTIDO ISOLADO;PDT
14/09/2026;RJ;RIO DE JANEIRO;DEPUTADO ESTADUAL;40004;RENATO PELLIZZARI;PARTIDO ISOLADO;40;PSB;PARTIDO SOCIALISTA BRASILEIRO;#NULO;#NULO;#NULO;1,90002E+11;PARTIDO ISOLADO;PSB
14/09/2026;RJ;RIO DE JANEIRO;DEPUTADO ESTADUAL;40222;ALAN MANSUR;PARTIDO ISOLADO;40;PSB;PARTIDO SOCIALISTA BRASILEIRO;#NULO;#NULO;#NULO;1,90002E+11;PARTIDO ISOLADO;PSB
14/09/2026;RJ;RIO DE JANEIRO;DEPUTADO ESTADUAL;40124;GARDÊNIA GRIGORIO DO TRABALHO;PARTIDO ISOLADO;40;PSB;PARTIDO SOCIALISTA BRASILEIRO;#NULO;#NULO;#NULO;1,90002E+11;PARTIDO ISOLADO;PSB
14/09/2026;RJ;RIO DE JANEIRO;DEPUTADO ESTADUAL;40047;MARILÉA DA SAÚDE;PARTIDO ISOLADO;40;PSB;PARTIDO SOCIALISTA BRASILEIRO;#NULO;#NULO;#NULO;1,90002E+11;PARTIDO ISOLADO;PSB
14/09/2026;RJ;RIO DE JANEIRO;DEPUTADO ESTADUAL;40123;DR. MARCOS PAULO;PARTIDO ISOLADO;40;PSB;PARTIDO SOCIALISTA BRASILEIRO;#NULO;#NULO;#NULO;1,90002E+11;PARTIDO ISOLADO;PSB
14/09/2026;RJ;RIO DE JANEIRO;DEPUTADO ESTADUAL;29129;SOLANGE PEREIRA;PARTIDO ISOLADO;29;PCO;PARTIDO DA CAUSA OPERÁRIA;#NULO;#NULO;#NULO;1,90002E+11;PARTIDO ISOLADO;PCO
14/09/2026;RJ;RIO DE JANEIRO;DEPUTADO ESTADUAL;29029;PEDRO DINIZ;PARTIDO ISOLADO;29;PCO;PARTIDO DA CAUSA OPERÁRIA;#NULO;#NULO;#NULO;1,90002E+11;PARTIDO ISOLADO;PCO
14/09/2026;RJ;RIO DE JANEIRO;DEPUTADO ESTADUAL;50100;EMANUEL ALENCAR;FEDERAÇÃO;50;PSOL;PARTIDO SOCIALISMO E LIBERDADE;FEDERAÇÃO PSOL REDE;PSOL/REDE;PSOL/REDE;1,90002E+11;FEDERAÇÃO;FEDERAÇÃO PSOL REDE (PSOL / REDE)
14/09/2026;RJ;RIO DE JANEIRO;DEPUTADO ESTADUAL;18123;MC SMITH;FEDERAÇÃO;18;REDE;REDE SUSTENTABILIDADE;FEDERAÇÃO PSOL REDE;PSOL/REDE;PSOL/REDE;1,90002E+11;FEDERAÇÃO;FEDERAÇÃO PSOL REDE (PSOL / REDE)
14/09/2026;RJ;RIO DE JANEIRO;DEPUTADO ESTADUAL;18088;JUNINHO SEPETIBA AVERA;FEDERAÇÃO;18;REDE;REDE SUSTENTABILIDADE;FEDERAÇÃO PSOL REDE;PSOL/REDE;PSOL/REDE;1,90002E+11;FEDERAÇÃO;FEDERAÇÃO PSOL REDE (PSOL / REDE)
14/09/2026;RJ;RIO DE JANEIRO;DEPUTADO ESTADUAL;50050;DANI MONTEIRO;FEDERAÇÃO;50;PSOL;PARTIDO SOCIALISMO E LIBERDADE;FEDERAÇÃO PSOL REDE;PSOL/REDE;PSOL/REDE;1,90002E+11;FEDERAÇÃO;FEDERAÇÃO PSOL REDE (PSOL / REDE)
14/09/2026;RJ;RIO DE JANEIRO;DEPUTADO ESTADUAL;50080;ANDERSON RIBEIRO;FEDERAÇÃO;50;PSOL;PARTIDO SOCIALISMO E LIBERDADE;FEDERAÇÃO PSOL REDE;PSOL/REDE;PSOL/REDE;1,90002E+11;FEDERAÇÃO;FEDERAÇÃO PSOL REDE (PSOL / REDE)
14/09/2026;RJ;RIO DE JANEIRO;DEPUTADO ESTADUAL;50222;JEFFERSON VINCO;FEDERAÇÃO;50;PSOL;PARTIDO SOCIALISMO E LIBERDADE;FEDERAÇÃO PSOL REDE;PSOL/REDE;PSOL/REDE;1,90002E+11;FEDERAÇÃO;FEDERAÇÃO PSOL REDE (PSOL / REDE)
14/09/2026;RJ;RIO DE JANEIRO;DEPUTADO ESTADUAL;18345;PROF RAUL;FEDERAÇÃO;18;REDE;REDE SUSTENTABILIDADE;FEDERAÇÃO PSOL REDE;PSOL/REDE;PSOL/REDE;1,90002E+11;FEDERAÇÃO;FEDERAÇÃO PSOL REDE (PSOL / REDE)
14/09/2026;RJ;RIO DE JANEIRO;DEPUTADO ESTADUAL;16016;JAD AVILA;PARTIDO ISOLADO;16;PSTU;PARTIDO SOCIALISTA  DOS TRABALHADORES UNIFICADO;#NULO;#NULO;#NULO;1,90002E+11;PARTIDO ISOLADO;PSTU
14/09/2026;RJ;RIO DE JANEIRO;DEPUTADO ESTADUAL;43177;SANDRA DO MUTIRÃO;FEDERAÇÃO;43;PV;PARTIDO VERDE;FEDERAÇÃO BRASIL DA ESPERANÇA - FE BRASIL;PT/PC do B/PV;PT/PC do B/PV;1,90002E+11;FEDERAÇÃO;FEDERAÇÃO BRASIL DA ESPERANÇA - FE BRASIL (PT / PC do B / PV)
14/09/2026;RJ;RIO DE JANEIRO;DEPUTADO ESTADUAL;13433;MARCO AURÉLIO BARRETO;FEDERAÇÃO;13;PT;PARTIDO DOS TRABALHADORES;FEDERAÇÃO BRASIL DA ESPERANÇA - FE BRASIL;PT/PC do B/PV;PT/PC do B/PV;1,90002E+11;FEDERAÇÃO;FEDERAÇÃO BRASIL DA ESPERANÇA - FE BRASIL (PT / PC do B / PV)
14/09/2026;RJ;RIO DE JANEIRO;DEPUTADO ESTADUAL;13123;IGO MENEZES;FEDERAÇÃO;13;PT;PARTIDO DOS TRABALHADORES;FEDERAÇÃO BRASIL DA ESPERANÇA - FE BRASIL;PT/PC do B/PV;PT/PC do B/PV;1,90002E+11;FEDERAÇÃO;FEDERAÇÃO BRASIL DA ESPERANÇA - FE BRASIL (PT / PC do B / PV)
14/09/2026;RJ;RIO DE JANEIRO;DEPUTADO ESTADUAL;13001;PROFESSOR WALDECK CARNEIRO;FEDERAÇÃO;13;PT;PARTIDO DOS TRABALHADORES;FEDERAÇÃO BRASIL DA ESPERANÇA - FE BRASIL;PT/PC do B/PV;PT/PC do B/PV;1,90002E+11;FEDERAÇÃO;FEDERAÇÃO BRASIL DA ESPERANÇA - FE BRASIL (PT / PC do B / PV)
14/09/2026;RJ;RIO DE JANEIRO;DEPUTADO ESTADUAL;13134;VINICIOS BETIOL;FEDERAÇÃO;13;PT;PARTIDO DOS TRABALHADORES;FEDERAÇÃO BRASIL DA ESPERANÇA - FE BRASIL;PT/PC do B/PV;PT/PC do B/PV;1,90002E+11;FEDERAÇÃO;FEDERAÇÃO BRASIL DA ESPERANÇA - FE BRASIL (PT / PC do B / PV)
14/09/2026;RJ;RIO DE JANEIRO;DEPUTADO ESTADUAL;12182;ALINA VIEIRA;PARTIDO ISOLADO;12;PDT;PARTIDO DEMOCRÁTICO TRABALHISTA;#NULO;#NULO;#NULO;1,90002E+11;PARTIDO ISOLADO;PDT
14/09/2026;RJ;RIO DE JANEIRO;DEPUTADO ESTADUAL;12612;GILSINHO AMIGO;PARTIDO ISOLADO;12;PDT;PARTIDO DEMOCRÁTICO TRABALHISTA;#NULO;#NULO;#NULO;1,90002E+11;PARTIDO ISOLADO;PDT
14/09/2026;RJ;RIO DE JANEIRO;DEPUTADO ESTADUAL;12900;VIZEU;PARTIDO ISOLADO;12;PDT;PARTIDO DEMOCRÁTICO TRABALHISTA;#NULO;#NULO;#NULO;1,90002E+11;PARTIDO ISOLADO;PDT
14/09/2026;RJ;RIO DE JANEIRO;DEPUTADO ESTADUAL;12733;MARIZA FERNANDES COSTUREIRA;PARTIDO ISOLADO;12;PDT;PARTIDO DEMOCRÁTICO TRABALHISTA;#NULO;#NULO;#NULO;1,90002E+11;PARTIDO ISOLADO;PDT
14/09/2026;RJ;RIO DE JANEIRO;DEPUTADO ESTADUAL;12888;PATRICIA AZEDO;PARTIDO ISOLADO;12;PDT;PARTIDO DEMOCRÁTICO TRABALHISTA;#NULO;#NULO;#NULO;1,90002E+11;PARTIDO ISOLADO;PDT
14/09/2026;RJ;RIO DE JANEIRO;DEPUTADO ESTADUAL;12013;CLAUDIO CEZAR;PARTIDO ISOLADO;12;PDT;PARTIDO DEMOCRÁTICO TRABALHISTA;#NULO;#NULO;#NULO;1,90002E+11;PARTIDO ISOLADO;PDT
14/09/2026;RJ;RIO DE JANEIRO;DEPUTADO ESTADUAL;12543;ZITO;PARTIDO ISOLADO;12;PDT;PARTIDO DEMOCRÁTICO TRABALHISTA;#NULO;#NULO;#NULO;1,90002E+11;PARTIDO ISOLADO;PDT
14/09/2026;RJ;RIO DE JANEIRO;DEPUTADO ESTADUAL;40455;ELI DA REFRIGERAÇÃO;PARTIDO ISOLADO;40;PSB;PARTIDO SOCIALISTA BRASILEIRO;#NULO;#NULO;#NULO;1,90002E+11;PARTIDO ISOLADO;PSB
14/09/2026;RJ;RIO DE JANEIRO;DEPUTADO ESTADUAL;40169;INÊS BRASIL;PARTIDO ISOLADO;40;PSB;PARTIDO SOCIALISTA BRASILEIRO;#NULO;#NULO;#NULO;1,90002E+11;PARTIDO ISOLADO;PSB
14/09/2026;RJ;RIO DE JANEIRO;DEPUTADO ESTADUAL;40234;ASSIS FREITAS;PARTIDO ISOLADO;40;PSB;PARTIDO SOCIALISTA BRASILEIRO;#NULO;#NULO;#NULO;1,90002E+11;PARTIDO ISOLADO;PSB
14/09/2026;RJ;RIO DE JANEIRO;DEPUTADO ESTADUAL;40637;DENISE VIEIRA;PARTIDO ISOLADO;40;PSB;PARTIDO SOCIALISTA BRASILEIRO;#NULO;#NULO;#NULO;1,90002E+11;PARTIDO ISOLADO;PSB
14/09/2026;RJ;RIO DE JANEIRO;DEPUTADO ESTADUAL;40556;ERICA DA SAÚDE;PARTIDO ISOLADO;40;PSB;PARTIDO SOCIALISTA BRASILEIRO;#NULO;#NULO;#NULO;1,90002E+11;PARTIDO ISOLADO;PSB
14/09/2026;RJ;RIO DE JANEIRO;DEPUTADO ESTADUAL;40351;DINNY DA VILA;PARTIDO ISOLADO;40;PSB;PARTIDO SOCIALISTA BRASILEIRO;#NULO;#NULO;#NULO;1,90002E+11;PARTIDO ISOLADO;PSB
14/09/2026;RJ;RIO DE JANEIRO;DEPUTADO ESTADUAL;40029;RAFAEL PIZZIALI;PARTIDO ISOLADO;40;PSB;PARTIDO SOCIALISTA BRASILEIRO;#NULO;#NULO;#NULO;1,90002E+11;PARTIDO ISOLADO;PSB
14/09/2026;RJ;RIO DE JANEIRO;DEPUTADO ESTADUAL;40135;AILTON FREITAS;PARTIDO ISOLADO;40;PSB;PARTIDO SOCIALISTA BRASILEIRO;#NULO;#NULO;#NULO;1,90002E+11;PARTIDO ISOLADO;PSB
14/09/2026;RJ;RIO DE JANEIRO;DEPUTADO ESTADUAL;40052;TANIA DE BRÁS DE PINA90;PARTIDO ISOLADO;40;PSB;PARTIDO SOCIALISTA BRASILEIRO;#NULO;#NULO;#NULO;1,90002E+11;PARTIDO ISOLADO;PSB
14/09/2026;RJ;RIO DE JANEIRO;DEPUTADO ESTADUAL;23444;VERA RAMOS;FEDERAÇÃO;23;CIDADANIA;CIDADANIA;FEDERAÇÃO PSDB CIDADANIA;PSDB/CIDADANIA;PSDB/CIDADANIA;1,90002E+11;FEDERAÇÃO;FEDERAÇÃO PSDB CIDADANIA (PSDB / CIDADANIA)
14/09/2026;RJ;RIO DE JANEIRO;DEPUTADO ESTADUAL;18618;PROFESSOR MARCIO;FEDERAÇÃO;18;REDE;REDE SUSTENTABILIDADE;FEDERAÇÃO PSOL REDE;PSOL/REDE;PSOL/REDE;1,90002E+11;FEDERAÇÃO;FEDERAÇÃO PSOL REDE (PSOL / REDE)
14/09/2026;RJ;RIO DE JANEIRO;DEPUTADO ESTADUAL;50666;CRISTIANE NASCIMENTO;FEDERAÇÃO;50;PSOL;PARTIDO SOCIALISMO E LIBERDADE;FEDERAÇÃO PSOL REDE;PSOL/REDE;PSOL/REDE;1,90002E+11;FEDERAÇÃO;FEDERAÇÃO PSOL REDE (PSOL / REDE)
14/09/2026;RJ;RIO DE JANEIRO;DEPUTADO ESTADUAL;18021;DE LOYS;FEDERAÇÃO;18;REDE;REDE SUSTENTABILIDADE;FEDERAÇÃO PSOL REDE;PSOL/REDE;PSOL/REDE;1,90002E+11;FEDERAÇÃO;FEDERAÇÃO PSOL REDE (PSOL / REDE)
14/09/2026;RJ;RIO DE JANEIRO;DEPUTADO ESTADUAL;50321;PEDRO NASSIF;FEDERAÇÃO;50;PSOL;PARTIDO SOCIALISMO E LIBERDADE;FEDERAÇÃO PSOL REDE;PSOL/REDE;PSOL/REDE;1,90002E+11;FEDERAÇÃO;FEDERAÇÃO PSOL REDE (PSOL / REDE)
14/09/2026;RJ;RIO DE JANEIRO;DEPUTADO ESTADUAL;13321;RAIMUNDO NONATO;FEDERAÇÃO;13;PT;PARTIDO DOS TRABALHADORES;FEDERAÇÃO BRASIL DA ESPERANÇA - FE BRASIL;PT/PC do B/PV;PT/PC do B/PV;1,90002E+11;FEDERAÇÃO;FEDERAÇÃO BRASIL DA ESPERANÇA - FE BRASIL (PT / PC do B / PV)
14/09/2026;RJ;RIO DE JANEIRO;DEPUTADO ESTADUAL;13103;ZEIDAN;FEDERAÇÃO;13;PT;PARTIDO DOS TRABALHADORES;FEDERAÇÃO BRASIL DA ESPERANÇA - FE BRASIL;PT/PC do B/PV;PT/PC do B/PV;1,90002E+11;FEDERAÇÃO;FEDERAÇÃO BRASIL DA ESPERANÇA - FE BRASIL (PT / PC do B / PV)
14/09/2026;RJ;RIO DE JANEIRO;DEPUTADO ESTADUAL;13157;JORGE BRAGA;FEDERAÇÃO;13;PT;PARTIDO DOS TRABALHADORES;FEDERAÇÃO BRASIL DA ESPERANÇA - FE BRASIL;PT/PC do B/PV;PT/PC do B/PV;1,90002E+11;FEDERAÇÃO;FEDERAÇÃO BRASIL DA ESPERANÇA - FE BRASIL (PT / PC do B / PV)
14/09/2026;RJ;RIO DE JANEIRO;DEPUTADO ESTADUAL;65656;LILIAN BEHRING;FEDERAÇÃO;65;PCDOB;PARTIDO COMUNISTA DO BRASIL;FEDERAÇÃO BRASIL DA ESPERANÇA - FE BRASIL;PT/PC do B/PV;PT/PC do B/PV;1,90002E+11;FEDERAÇÃO;FEDERAÇÃO BRASIL DA ESPERANÇA - FE BRASIL (PT / PC do B / PV)
14/09/2026;RJ;RIO DE JANEIRO;DEPUTADO ESTADUAL;13888;MARY BORGES;FEDERAÇÃO;13;PT;PARTIDO DOS TRABALHADORES;FEDERAÇÃO BRASIL DA ESPERANÇA - FE BRASIL;PT/PC do B/PV;PT/PC do B/PV;1,90002E+11;FEDERAÇÃO;FEDERAÇÃO BRASIL DA ESPERANÇA - FE BRASIL (PT / PC do B / PV)
14/09/2026;RJ;RIO DE JANEIRO;DEPUTADO ESTADUAL;43456;MAICON CRUZ;FEDERAÇÃO;43;PV;PARTIDO VERDE;FEDERAÇÃO BRASIL DA ESPERANÇA - FE BRASIL;PT/PC do B/PV;PT/PC do B/PV;1,90002E+11;FEDERAÇÃO;FEDERAÇÃO BRASIL DA ESPERANÇA - FE BRASIL (PT / PC do B / PV)
14/09/2026;RJ;RIO DE JANEIRO;DEPUTADO ESTADUAL;13580;VERÔNICA LIMA;FEDERAÇÃO;13;PT;PARTIDO DOS TRABALHADORES;FEDERAÇÃO BRASIL DA ESPERANÇA - FE BRASIL;PT/PC do B/PV;PT/PC do B/PV;1,90002E+11;FEDERAÇÃO;FEDERAÇÃO BRASIL DA ESPERANÇA - FE BRASIL (PT / PC do B / PV)
14/09/2026;RJ;RIO DE JANEIRO;DEPUTADO ESTADUAL;13706;FABIO DOUTOR FOSFORO;FEDERAÇÃO;13;PT;PARTIDO DOS TRABALHADORES;FEDERAÇÃO BRASIL DA ESPERANÇA - FE BRASIL;PT/PC do B/PV;PT/PC do B/PV;1,90002E+11;FEDERAÇÃO;FEDERAÇÃO BRASIL DA ESPERANÇA - FE BRASIL (PT / PC do B / PV)
14/09/2026;RJ;RIO DE JANEIRO;DEPUTADO ESTADUAL;13333;CAROL ONTIVEROS;FEDERAÇÃO;13;PT;PARTIDO DOS TRABALHADORES;FEDERAÇÃO BRASIL DA ESPERANÇA - FE BRASIL;PT/PC do B/PV;PT/PC do B/PV;1,90002E+11;FEDERAÇÃO;FEDERAÇÃO BRASIL DA ESPERANÇA - FE BRASIL (PT / PC do B / PV)
14/09/2026;RJ;RIO DE JANEIRO;DEPUTADO ESTADUAL;13320;MISSIONÁRIO THIAGO;FEDERAÇÃO;13;PT;PARTIDO DOS TRABALHADORES;FEDERAÇÃO BRASIL DA ESPERANÇA - FE BRASIL;PT/PC do B/PV;PT/PC do B/PV;1,90002E+11;FEDERAÇÃO;FEDERAÇÃO BRASIL DA ESPERANÇA - FE BRASIL (PT / PC do B / PV)
14/09/2026;RJ;RIO DE JANEIRO;DEPUTADO ESTADUAL;12129;HERNANDES JOGADOR;PARTIDO ISOLADO;12;PDT;PARTIDO DEMOCRÁTICO TRABALHISTA;#NULO;#NULO;#NULO;1,90002E+11;PARTIDO ISOLADO;PDT
14/09/2026;RJ;RIO DE JANEIRO;DEPUTADO ESTADUAL;12044;SONIA GASPAR;PARTIDO ISOLADO;12;PDT;PARTIDO DEMOCRÁTICO TRABALHISTA;#NULO;#NULO;#NULO;1,90002E+11;PARTIDO ISOLADO;PDT
14/09/2026;RJ;RIO DE JANEIRO;DEPUTADO ESTADUAL;12230;JOÃO BROTHER;PARTIDO ISOLADO;12;PDT;PARTIDO DEMOCRÁTICO TRABALHISTA;#NULO;#NULO;#NULO;1,90002E+11;PARTIDO ISOLADO;PDT
14/09/2026;RJ;RIO DE JANEIRO;DEPUTADO ESTADUAL;12016;CARLA CASTILHO;PARTIDO ISOLADO;12;PDT;PARTIDO DEMOCRÁTICO TRABALHISTA;#NULO;#NULO;#NULO;1,90002E+11;PARTIDO ISOLADO;PDT
14/09/2026;RJ;RIO DE JANEIRO;DEPUTADO ESTADUAL;12555;LACERDA;PARTIDO ISOLADO;12;PDT;PARTIDO DEMOCRÁTICO TRABALHISTA;#NULO;#NULO;#NULO;1,90002E+11;PARTIDO ISOLADO;PDT
14/09/2026;RJ;RIO DE JANEIRO;DEPUTADO ESTADUAL;12777;JOCIMAR FREIRE;PARTIDO ISOLADO;12;PDT;PARTIDO DEMOCRÁTICO TRABALHISTA;#NULO;#NULO;#NULO;1,90002E+11;PARTIDO ISOLADO;PDT
14/09/2026;RJ;RIO DE JANEIRO;DEPUTADO ESTADUAL;12005;ELKER JAÉ;PARTIDO ISOLADO;12;PDT;PARTIDO DEMOCRÁTICO TRABALHISTA;#NULO;#NULO;#NULO;1,90002E+11;PARTIDO ISOLADO;PDT
14/09/2026;RJ;RIO DE JANEIRO;DEPUTADO ESTADUAL;12311;FABI CARMO;PARTIDO ISOLADO;12;PDT;PARTIDO DEMOCRÁTICO TRABALHISTA;#NULO;#NULO;#NULO;1,90002E+11;PARTIDO ISOLADO;PDT
14/09/2026;RJ;RIO DE JANEIRO;DEPUTADO ESTADUAL;12456;PEDRO HENRIQUE;PARTIDO ISOLADO;12;PDT;PARTIDO DEMOCRÁTICO TRABALHISTA;#NULO;#NULO;#NULO;1,90002E+11;PARTIDO ISOLADO;PDT
14/09/2026;RJ;RIO DE JANEIRO;DEPUTADO ESTADUAL;12111;ALEXANDRE DO PORTO;PARTIDO ISOLADO;12;PDT;PARTIDO DEMOCRÁTICO TRABALHISTA;#NULO;#NULO;#NULO;1,90002E+11;PARTIDO ISOLADO;PDT
14/09/2026;RJ;RIO DE JANEIRO;DEPUTADO ESTADUAL;12999;BETÃO PEZÃO;PARTIDO ISOLADO;12;PDT;PARTIDO DEMOCRÁTICO TRABALHISTA;#NULO;#NULO;#NULO;1,90002E+11;PARTIDO ISOLADO;PDT
14/09/2026;RJ;RIO DE JANEIRO;DEPUTADO ESTADUAL;12177;ANGELICA MOREIRA;PARTIDO ISOLADO;12;PDT;PARTIDO DEMOCRÁTICO TRABALHISTA;#NULO;#NULO;#NULO;1,90002E+11;PARTIDO ISOLADO;PDT
14/09/2026;RJ;RIO DE JANEIRO;DEPUTADO ESTADUAL;40315;ÍNDIO;PARTIDO ISOLADO;40;PSB;PARTIDO SOCIALISTA BRASILEIRO;#NULO;#NULO;#NULO;1,90002E+11;PARTIDO ISOLADO;PSB
14/09/2026;RJ;RIO DE JANEIRO;DEPUTADO ESTADUAL;40000;CARLOS MINC;PARTIDO ISOLADO;40;PSB;PARTIDO SOCIALISTA BRASILEIRO;#NULO;#NULO;#NULO;1,90002E+11;PARTIDO ISOLADO;PSB
14/09/2026;RJ;RIO DE JANEIRO;DEPUTADO ESTADUAL;40384;MC GELÉIA;PARTIDO ISOLADO;40;PSB;PARTIDO SOCIALISTA BRASILEIRO;#NULO;#NULO;#NULO;1,90002E+11;PARTIDO ISOLADO;PSB
14/09/2026;RJ;RIO DE JANEIRO;DEPUTADO ESTADUAL;40005;NOEL MARTELLO;PARTIDO ISOLADO;40;PSB;PARTIDO SOCIALISTA BRASILEIRO;#NULO;#NULO;#NULO;1,90002E+11;PARTIDO ISOLADO;PSB
14/09/2026;RJ;RIO DE JANEIRO;DEPUTADO ESTADUAL;40333;MESTRE GARNISÉ;PARTIDO ISOLADO;40;PSB;PARTIDO SOCIALISTA BRASILEIRO;#NULO;#NULO;#NULO;1,90002E+11;PARTIDO ISOLADO;PSB
14/09/2026;RJ;RIO DE JANEIRO;DEPUTADO ESTADUAL;40999;VANTOIL MARTINS;PARTIDO ISOLADO;40;PSB;PARTIDO SOCIALISTA BRASILEIRO;#NULO;#NULO;#NULO;1,90002E+11;PARTIDO ISOLADO;PSB
14/09/2026;RJ;RIO DE JANEIRO;DEPUTADO ESTADUAL;40777;WESLEY TEIXEIRA;PARTIDO ISOLADO;40;PSB;PARTIDO SOCIALISTA BRASILEIRO;#NULO;#NULO;#NULO;1,90002E+11;PARTIDO ISOLADO;PSB
14/09/2026;RJ;RIO DE JANEIRO;DEPUTADO ESTADUAL;23333;REGINA PEDREGAL;FEDERAÇÃO;23;CIDADANIA;CIDADANIA;FEDERAÇÃO PSDB CIDADANIA;PSDB/CIDADANIA;PSDB/CIDADANIA;1,90002E+11;FEDERAÇÃO;FEDERAÇÃO PSDB CIDADANIA (PSDB / CIDADANIA)
14/09/2026;RJ;RIO DE JANEIRO;DEPUTADO ESTADUAL;50123;FLAVIO SERAFINI;FEDERAÇÃO;50;PSOL;PARTIDO SOCIALISMO E LIBERDADE;FEDERAÇÃO PSOL REDE;PSOL/REDE;PSOL/REDE;1,90002E+11;FEDERAÇÃO;FEDERAÇÃO PSOL REDE (PSOL / REDE)
14/09/2026;RJ;RIO DE JANEIRO;DEPUTADO ESTADUAL;18888;INGRID;FEDERAÇÃO;18;REDE;REDE SUSTENTABILIDADE;FEDERAÇÃO PSOL REDE;PSOL/REDE;PSOL/REDE;1,90002E+11;FEDERAÇÃO;FEDERAÇÃO PSOL REDE (PSOL / REDE)
14/09/2026;RJ;RIO DE JANEIRO;DEPUTADO ESTADUAL;18321;ROBSON PAZ;FEDERAÇÃO;18;REDE;REDE SUSTENTABILIDADE;FEDERAÇÃO PSOL REDE;PSOL/REDE;PSOL/REDE;1,90002E+11;FEDERAÇÃO;FEDERAÇÃO PSOL REDE (PSOL / REDE)
14/09/2026;RJ;RIO DE JANEIRO;DEPUTADO ESTADUAL;80123;ELZA E EUNICE DO MLB;PARTIDO ISOLADO;80;UP;UNIDADE POPULAR;#NULO;#NULO;#NULO;1,90002E+11;PARTIDO ISOLADO;UP
14/09/2026;RJ;RIO DE JANEIRO;DEPUTADO ESTADUAL;80123;EUNICE DO MLB;PARTIDO ISOLADO;80;UP;UNIDADE POPULAR;#NULO;#NULO;#NULO;1,90002E+11;PARTIDO ISOLADO;UP
14/09/2026;RJ;RIO DE JANEIRO;DEPUTADO ESTADUAL;80800;BIANCA RUBIM;PARTIDO ISOLADO;80;UP;UNIDADE POPULAR;#NULO;#NULO;#NULO;1,90002E+11;PARTIDO ISOLADO;UP
14/09/2026;RJ;RIO DE JANEIRO;DEPUTADO ESTADUAL;18007;MARCELO NUNES;FEDERAÇÃO;18;REDE;REDE SUSTENTABILIDADE;FEDERAÇÃO PSOL REDE;PSOL/REDE;PSOL/REDE;1,90002E+11;FEDERAÇÃO;FEDERAÇÃO PSOL REDE (PSOL / REDE)
14/09/2026;RJ;RIO DE JANEIRO;DEPUTADO ESTADUAL;50101;PROFESSOR ANTONIO AUGUSTO;FEDERAÇÃO;50;PSOL;PARTIDO SOCIALISMO E LIBERDADE;FEDERAÇÃO PSOL REDE;PSOL/REDE;PSOL/REDE;1,90002E+11;FEDERAÇÃO;FEDERAÇÃO PSOL REDE (PSOL / REDE)
14/09/2026;RJ;RIO DE JANEIRO;DEPUTADO ESTADUAL;50033;CABELINHO TURISMO;FEDERAÇÃO;50;PSOL;PARTIDO SOCIALISMO E LIBERDADE;FEDERAÇÃO PSOL REDE;PSOL/REDE;PSOL/REDE;1,90002E+11;FEDERAÇÃO;FEDERAÇÃO PSOL REDE (PSOL / REDE)
14/09/2026;RJ;RIO DE JANEIRO;DEPUTADO ESTADUAL;16123;LORRAN NEVES;PARTIDO ISOLADO;16;PSTU;PARTIDO SOCIALISTA  DOS TRABALHADORES UNIFICADO;#NULO;#NULO;#NULO;1,90002E+11;PARTIDO ISOLADO;PSTU
14/09/2026;RJ;RIO DE JANEIRO;DEPUTADO ESTADUAL;13555;BRUNNÃO REALLEZA;FEDERAÇÃO;13;PT;PARTIDO DOS TRABALHADORES;FEDERAÇÃO BRASIL DA ESPERANÇA - FE BRASIL;PT/PC do B/PV;PT/PC do B/PV;1,90002E+11;FEDERAÇÃO;FEDERAÇÃO BRASIL DA ESPERANÇA - FE BRASIL (PT / PC do B / PV)
14/09/2026;RJ;RIO DE JANEIRO;DEPUTADO ESTADUAL;65131;ISAAC RICALDE;FEDERAÇÃO;65;PCDOB;PARTIDO COMUNISTA DO BRASIL;FEDERAÇÃO BRASIL DA ESPERANÇA - FE BRASIL;PT/PC do B/PV;PT/PC do B/PV;1,90002E+11;FEDERAÇÃO;FEDERAÇÃO BRASIL DA ESPERANÇA - FE BRASIL (PT / PC do B / PV)
14/09/2026;RJ;RIO DE JANEIRO;DEPUTADO ESTADUAL;13444;RENATO MACHADO;FEDERAÇÃO;13;PT;PARTIDO DOS TRABALHADORES;FEDERAÇÃO BRASIL DA ESPERANÇA - FE BRASIL;PT/PC do B/PV;PT/PC do B/PV;1,90002E+11;FEDERAÇÃO;FEDERAÇÃO BRASIL DA ESPERANÇA - FE BRASIL (PT / PC do B / PV)
14/09/2026;RJ;RIO DE JANEIRO;DEPUTADO ESTADUAL;13013;LEONEL DE ESQUERDA;FEDERAÇÃO;13;PT;PARTIDO DOS TRABALHADORES;FEDERAÇÃO BRASIL DA ESPERANÇA - FE BRASIL;PT/PC do B/PV;PT/PC do B/PV;1,90002E+11;FEDERAÇÃO;FEDERAÇÃO BRASIL DA ESPERANÇA - FE BRASIL (PT / PC do B / PV)
14/09/2026;RJ;RIO DE JANEIRO;DEPUTADO ESTADUAL;13006;HILDER LIGEIRINHO;FEDERAÇÃO;13;PT;PARTIDO DOS TRABALHADORES;FEDERAÇÃO BRASIL DA ESPERANÇA - FE BRASIL;PT/PC do B/PV;PT/PC do B/PV;1,90002E+11;FEDERAÇÃO;FEDERAÇÃO BRASIL DA ESPERANÇA - FE BRASIL (PT / PC do B / PV)
14/09/2026;RJ;RIO DE JANEIRO;DEPUTADO ESTADUAL;13616;RICARDO SANTOS;FEDERAÇÃO;13;PT;PARTIDO DOS TRABALHADORES;FEDERAÇÃO BRASIL DA ESPERANÇA - FE BRASIL;PT/PC do B/PV;PT/PC do B/PV;1,90002E+11;FEDERAÇÃO;FEDERAÇÃO BRASIL DA ESPERANÇA - FE BRASIL (PT / PC do B / PV)
14/09/2026;RJ;RIO DE JANEIRO;DEPUTADO ESTADUAL;13777;MALLU CÔRTES;FEDERAÇÃO;13;PT;PARTIDO DOS TRABALHADORES;FEDERAÇÃO BRASIL DA ESPERANÇA - FE BRASIL;PT/PC do B/PV;PT/PC do B/PV;1,90002E+11;FEDERAÇÃO;FEDERAÇÃO BRASIL DA ESPERANÇA - FE BRASIL (PT / PC do B / PV)
14/09/2026;RJ;RIO DE JANEIRO;DEPUTADO ESTADUAL;13169;INDIANARAE SIQUEIRA;FEDERAÇÃO;13;PT;PARTIDO DOS TRABALHADORES;FEDERAÇÃO BRASIL DA ESPERANÇA - FE BRASIL;PT/PC do B/PV;PT/PC do B/PV;1,90002E+11;FEDERAÇÃO;FEDERAÇÃO BRASIL DA ESPERANÇA - FE BRASIL (PT / PC do B / PV)
14/09/2026;RJ;RIO DE JANEIRO;DEPUTADO ESTADUAL;13000;RAONE FERREIRA;FEDERAÇÃO;13;PT;PARTIDO DOS TRABALHADORES;FEDERAÇÃO BRASIL DA ESPERANÇA - FE BRASIL;PT/PC do B/PV;PT/PC do B/PV;1,90002E+11;FEDERAÇÃO;FEDERAÇÃO BRASIL DA ESPERANÇA - FE BRASIL (PT / PC do B / PV)
14/09/2026;RJ;RIO DE JANEIRO;DEPUTADO ESTADUAL;13650;ALLYSON ELIAS;FEDERAÇÃO;13;PT;PARTIDO DOS TRABALHADORES;FEDERAÇÃO BRASIL DA ESPERANÇA - FE BRASIL;PT/PC do B/PV;PT/PC do B/PV;1,90002E+11;FEDERAÇÃO;FEDERAÇÃO BRASIL DA ESPERANÇA - FE BRASIL (PT / PC do B / PV)
14/09/2026;RJ;RIO DE JANEIRO;DEPUTADO ESTADUAL;12544;PROFESSOR EDSON PAIVA;PARTIDO ISOLADO;12;PDT;PARTIDO DEMOCRÁTICO TRABALHISTA;#NULO;#NULO;#NULO;1,90002E+11;PARTIDO ISOLADO;PDT
14/09/2026;RJ;RIO DE JANEIRO;DEPUTADO ESTADUAL;12047;NIL DOCES;PARTIDO ISOLADO;12;PDT;PARTIDO DEMOCRÁTICO TRABALHISTA;#NULO;#NULO;#NULO;1,90002E+11;PARTIDO ISOLADO;PDT
14/09/2026;RJ;RIO DE JANEIRO;DEPUTADO ESTADUAL;40888;LUCIANA RODRIGUES;PARTIDO ISOLADO;40;PSB;PARTIDO SOCIALISTA BRASILEIRO;#NULO;#NULO;#NULO;1,90002E+11;PARTIDO ISOLADO;PSB
14/09/2026;RJ;RIO DE JANEIRO;DEPUTADO ESTADUAL;40303;JOSÉ EVERALDO;PARTIDO ISOLADO;40;PSB;PARTIDO SOCIALISTA BRASILEIRO;#NULO;#NULO;#NULO;1,90002E+11;PARTIDO ISOLADO;PSB
14/09/2026;RJ;RIO DE JANEIRO;DEPUTADO ESTADUAL;40630;CESINHA COM TODO GÁS;PARTIDO ISOLADO;40;PSB;PARTIDO SOCIALISTA BRASILEIRO;#NULO;#NULO;#NULO;1,90002E+11;PARTIDO ISOLADO;PSB
14/09/2026;RJ;RIO DE JANEIRO;DEPUTADO ESTADUAL;40321;WAGNER TAVARES;PARTIDO ISOLADO;40;PSB;PARTIDO SOCIALISTA BRASILEIRO;#NULO;#NULO;#NULO;1,90002E+11;PARTIDO ISOLADO;PSB
14/09/2026;RJ;RIO DE JANEIRO;DEPUTADO ESTADUAL;40520;CHRISTIANE RODRIGUES;PARTIDO ISOLADO;40;PSB;PARTIDO SOCIALISTA BRASILEIRO;#NULO;#NULO;#NULO;1,90002E+11;PARTIDO ISOLADO;PSB
14/09/2026;RJ;RIO DE JANEIRO;DEPUTADO ESTADUAL;40023;FLÁVIO SANTA MARTA;PARTIDO ISOLADO;40;PSB;PARTIDO SOCIALISTA BRASILEIRO;#NULO;#NULO;#NULO;1,90002E+11;PARTIDO ISOLADO;PSB
14/09/2026;RJ;RIO DE JANEIRO;DEPUTADO ESTADUAL;40659;TIA DO CAFÉ;PARTIDO ISOLADO;40;PSB;PARTIDO SOCIALISTA BRASILEIRO;#NULO;#NULO;#NULO;1,90002E+11;PARTIDO ISOLADO;PSB
14/09/2026;RJ;RIO DE JANEIRO;DEPUTADO ESTADUAL;40011;CLAUDIA RESPEITA;PARTIDO ISOLADO;40;PSB;PARTIDO SOCIALISTA BRASILEIRO;#NULO;#NULO;#NULO;1,90002E+11;PARTIDO ISOLADO;PSB
14/09/2026;RJ;RIO DE JANEIRO;DEPUTADO ESTADUAL;40055;MAICON NASCIMENTO;PARTIDO ISOLADO;40;PSB;PARTIDO SOCIALISTA BRASILEIRO;#NULO;#NULO;#NULO;1,90002E+11;PARTIDO ISOLADO;PSB
14/09/2026;RJ;RIO DE JANEIRO;DEPUTADO ESTADUAL;40012;ROBINHO SANTA LUZIA;PARTIDO ISOLADO;40;PSB;PARTIDO SOCIALISTA BRASILEIRO;#NULO;#NULO;#NULO;1,90002E+11;PARTIDO ISOLADO;PSB
14/09/2026;RJ;RIO DE JANEIRO;DEPUTADO ESTADUAL;40555;JAQUE JOY;PARTIDO ISOLADO;40;PSB;PARTIDO SOCIALISTA BRASILEIRO;#NULO;#NULO;#NULO;1,90002E+11;PARTIDO ISOLADO;PSB
14/09/2026;RJ;RIO DE JANEIRO;DEPUTADO ESTADUAL;40133;VANDYNHO;PARTIDO ISOLADO;40;PSB;PARTIDO SOCIALISTA BRASILEIRO;#NULO;#NULO;#NULO;1,90002E+11;PARTIDO ISOLADO;PSB
14/09/2026;RJ;RIO DE JANEIRO;DEPUTADO ESTADUAL;40104;NILTON SALOMÃO;PARTIDO ISOLADO;40;PSB;PARTIDO SOCIALISTA BRASILEIRO;#NULO;#NULO;#NULO;1,90002E+11;PARTIDO ISOLADO;PSB
14/09/2026;RJ;RIO DE JANEIRO;DEPUTADO ESTADUAL;40822;ADRIANO RODRIGUES;PARTIDO ISOLADO;40;PSB;PARTIDO SOCIALISTA BRASILEIRO;#NULO;#NULO;#NULO;1,90002E+11;PARTIDO ISOLADO;PSB
